country_code,country_name,co2_total_mmtco2_2007,gdp_billion_ppp_usd_2007,population_people_2007,co2_per_capita_tonnes_2007,co2_per_gdp_tonnes_per_usd_2007,renewables_share_2007,fossil_share_2007,hydro_share_2007,wind_share_2007,solar_share_2007,gdp_per_capita_usd_ppp_2007,co2_total_mmtco2_2023,gdp_billion_ppp_usd_2023,population_people_2023,co2_per_capita_tonnes_2023,co2_per_gdp_tonnes_per_usd_2023,renewables_share_2023,fossil_share_2023,hydro_share_2023,wind_share_2023,solar_share_2023,gdp_per_capita_usd_ppp_2023,co2_change_2007_2023_pct,gdp_change_2007_2023_pct,co2_per_capita_change_2007_2023_pct,co2_per_gdp_change_2007_2023_pct,renewables_share_change_2007_2023_pct_points,fossil_share_change_2007_2023_pct_points,co2_vs_gdp_ratio_2007_2023,slope_co2_total_mmtco2,slope_renewables_share,cluster_id,cluster_name
ABW,Aruba,1.024105112,3.471344,96587,10.602929089836106,0.000295017,0,1,0,0,0,35940.07475126052,1.163000332,3.526934,107939,10.774607250391425,0.000329748,0.1635039089545641,0.836496091,0,0.13726254085074516,0.026241368103818927,32675.25176,13.562594149027154,1.601397038150053,1.6191578676112044,11.77266992341238,16.35039089545641,-16.3503909,8.469226447861283,0.019000066,-0.000275651,4,Mixed pathway
AFG,Afghanistan,0.886020545,55.93964,25909850,0.034196282,1.5838867482879763e-05,0.737672584,0.262327416,0.737672584,0,0,2159.010569,7.756799675,68.19271,41454760,0.18711481323254556,0.000113748,0.8669686196330212,0.13303138036697873,0.7703131574354799,0,0.096655462,1644.99107,775.4649899230045,21.904091624472393,447.1788178041932,618.1588232656612,12.929603580659121,-12.92960358,35.40274589869843,-0.340955473,-0.004482197,0,Transitioning systems
AGO,Angola,10.42826072,162.4086,20778560,0.5018760068070165,6.421002779409465e-05,0.7679012345679012,0.23209876543209876,0.7679012345679012,0,0,7816.162428965241,19.65987896,241.6884,36749910,0.5349640028506193,8.13439079326935e-05,0.7643234250025537,0.23567657499744632,0.7396838788706585,0,0.021573619551238883,6576.571207929489,88.52500417730252,48.81502580528371,6.592862698121755,26.684118863089246,-0.357780957,0.35778095653475617,1.8134785901868893,0.552585563,0.006446637,0,Transitioning systems
ALB,Albania,3.173024237,27.11944,3022887,1.0496668373644136,0.000117002,0.9745762711864406,0.025423729,0.9745762711864406,0,0,8971.370745912765,3.392413045,43.93804,2811655,1.2065538072772086,7.720902081658626e-05,1,0,0.9670219853431046,0,0.032978015,15627.109300394251,6.914186328668757,62.01676730787952,14.94635862810711,-34.01041873,2.5423728813559365,-2.542372881,0.11148898320261652,-0.020820702,-2.07E-17,0,Transitioning systems
ARE,United Arab Emirates,188.5650885,435.3022,5624635,33.52485779,0.000433182,0,1,0,0,0,77392.07966383596,271.7026622,694.4093,10642080,25.530973470975596,0.000391272,0.048229146,0.7525952043035004,0,0,0.048193001,65251.276066332895,44.08958958944458,59.52349884746734,-23.84464797,-9.675006735,4.822914593357948,-24.74047957,0.7407089711313324,2.6649533001998473,0.005602909,1,Rapid emitters
ARG,Argentina,161.2872069,863.2924,40016760,4.030491397679372,0.000186828,0.2838998167903712,0.6591970071289915,0.26880581120556224,0.000545426,8.941416731715474e-07,21573.270799534996,198.1412793,996.3062,45538400,4.351081269434148,0.000198876,0.31812331198719634,0.6148630366184504,0.16668967361279607,0.10997841279595336,0.024861488,21878.375173479963,22.849966240673055,15.407734389877628,7.9541137822390935,6.448642190352361,3.422349519682516,-4.433397051,1.4830192202485477,2.614055646099291,0.017052093020270304,4,Mixed pathway
ARM,Armenia,11.15540358,27.9374,2974819,3.749943636,0.0003993,0.3237689026754556,0.2624343473509817,0.32324015650886534,0.000528746,0,9391.294058562891,7.144050189,47.40823,2943393,2.427147917046755,0.000150692,0.2798334875115634,0.4296947271045329,0.19033302497687327,0.000231267,0.089269195,16106.65989896694,-35.95883699,69.69449555076707,-35.2750827,-62.26090728,-4.393541516,16.72603797535512,-0.515949455,0.2840444955999579,0.000565061,4,Mixed pathway
ATG,Antigua and Barbuda,0.690569119,1.878234,81704,8.452084585821991,0.000367669,0,1,0,0,0,22988.27474787036,0.72461072,2.071444,93316,7.765128380985041,0.000349809,0.063704083,0.9362959166568894,0,0,0.063704083,22198.165373569376,4.929499461153879,10.28679067677404,-8.127654165,-4.857600065,6.370408334311052,-6.370408334,0.4792067434874432,0.002031194,0.007281852,4,Mixed pathway
AUS,Australia,385.3010343,918.7898,20877280,18.45551883458956,0.000419357,0.085986684,0.9145242097630114,0.058489073,0.010757605722007978,0.000449092,44009.075894944166,394.6532801,1366.018,26721320,14.76922846973877,0.000288908,0.35572090630044834,0.6447385042144894,0.056565774954092284,0.11945493471218616,0.16851561331254003,51120.902709896065,2.4272568735983415,48.675790697719975,-19.9739189,-31.10697014,26.973422249412643,-26.97857055,0.049865792,-0.438826777,0.036150126652156084,1,Rapid emitters
AUT,Austria,70.96233754,420.3109,8298611.999999999,8.551109214,0.000168833,0.7042105092495015,0.3107054264822711,0.595534947,0.033025827,0.000389111,50648.337336412405,56.95917683,495.3368,9138508,6.232874867,0.000114991,0.8710035610794571,0.1550004885829938,0.610907611,0.1229392627314517,0.056267909,54203.24630672753,-19.73322919,17.850096202596692,-27.11033492,-31.89078889,16.679305182995563,-15.57049379,-1.105497078,-1.649768104,0.013430124462674308,0,Transitioning systems
AZE,Azerbaijan,31.14846486,100.3286,8828311,3.528247346632895,0.000310464,0.1072263208541447,0.8927736791458553,0.1072263208541447,0,0,11364.416138035916,38.89162548,153.4078,10318210,3.7692221304858107,0.000253518,0.06546467,0.93453533,0.056434679,0.002853386,0.002326254,14867.675691810886,24.85888358400276,52.90535301000913,6.829872176702249,-18.3423725,-4.176165051,4.176165051237579,0.4698746378140549,1.4435756351997486,0.000530252,4,Mixed pathway
BDI,Burundi,0.209395776,6.528767,8161874,0.025655355,3.207279046717397e-05,0.9830508474576273,0.016949153,0.9830508474576273,0,0,799.9102902,0.838375423,9.540521,13689450,0.061242447505195606,8.787522431951043e-05,0.6875336338891508,0.3124663661108492,0.6666460683447893,0,0.005208172,696.9250773405798,300.37838346844205,46.13051744686247,138.71214096936743,173.98683756391398,-29.55172136,29.551721356847633,6.511489575516826,0.036057543,-0.007564055,4,Mixed pathway
BEL,Belgium,139.3142961,505.9492,10635990,13.098385400230725,0.000275352,0.053998878,0.40356490490801206,0.004596411,0.005861917,7.1632382612433e-05,47569.54453699185,112.0834469,621.0717,11789230,9.507274596220448,0.000180468,0.3605622606371091,0.24112498357055667,0.004693644,0.19959312699708426,0.094044782,52681.27774248191,-19.54634234,22.753766583680722,-27.4164387,-34.45931648,30.65633829,-16.24399213,-0.859037657,-3.062492957,0.026882059,0,Transitioning systems
BEN,Benin,3.303225783,22.56196,8953969,0.36891190744573715,0.000146407,0.018099548,0.9819004524886877,0.004524887,0,0,2519.771958111537,5.948411318,48.48186,14111030,0.42154338258794716,0.000122694,0.033024994,0.9669750064931172,5.9936467344614705e-05,0,0.032965057,3435.7421109585907,80.07885953825519,114.88319277225914,14.266678326166934,-16.19686155,1.4925445995570479,-1.4925446,0.6970459090304099,-0.442097926,0.004663468,4,Mixed pathway
BFA,Burkina Faso,1.347805637,22.83515,14816310,0.0909677,5.902328808875791e-05,0.18043513823000165,0.8195648617699984,0.18043513823000165,0,0,1541.2170776664366,5.243006902,50.85834,23025780,0.2277015980348983,0.00010309,0.17133883922987864,0.8286611607701213,0.066817815,0,0.053704173,2208.7564460357044,289.0031884471188,122.71953545301871,150.3103839,74.66056026736668,-0.9096299,0.9096299000122876,2.354989263773405,0.20580138039997986,-0.001199185,4,Mixed pathway
BGD,Bangladesh,47.92891948,450.3754,147989300,0.32386746526944854,0.00010642,0.024580645161290323,0.9754193548387097,0.023935483870967743,0,0.000645161,3043.2970491785554,125.9555776,1181.499,171467000,0.7345762016014743,0.000106607,0.016230677,0.9837693227954821,0.006094746,4.710004992605292e-05,0.010051150654219694,6890.532872214479,162.79661409395064,162.3364864066732,126.81382984559062,0.17539599374069204,-0.834996796,0.8349967956772453,1.0028344070853226,6.328849079199616,0.000529869,4,Mixed pathway
BGR,Bulgaria,45.63965199,125.871,7538503,6.054206251957451,0.000362591,0.069373627,0.6072466474201533,0.068104889,0.001125107,0,16697.08163543876,33.46518639,173.267,6446317,5.191365300062036,0.000193142,0.24673346,0.34716401911200423,0.078492931,0.040117587473739634,0.086866641,26878.448577691728,-26.67519377,37.65442397375091,-14.25192529,-46.73269183,17.735983348893868,-26.00826283,-0.708421241,-0.449984418,0.014129333278800931,0,Transitioning systems
BHR,Bahrain,28.54626482,49.90454,1039297,27.46689812344306,0.000572017,0,1,0,0,0,48017.59266119309,47.81839101,82.68302,1583934,30.18963606564415,0.000578334,0.002626486,0.9973735140316299,0,0.000138236,0.00248825,52201.051306430694,67.51190152265643,65.68236076316904,9.912797324126053,1.1042459505406204,0.2626485968370113,-0.262648597,1.0278543697003244,1.5151575295998647,0.00060021,1,Rapid emitters
BHS,The Bahamas,3.333506078,12.76784,353334,9.434433363333277,0.000261086,0,1,0,0,0,36135.32804655086,2.990226222,14.20175,399440,7.4860460194271985,0.000210553,0.009286413,0.9907135874877812,0,0.000488759,0.008797654,35554.15081113559,-10.29786201,11.230638855123505,-20.65187456,-19.35482983,0.9286412512218964,-0.928641251,-0.916943563,0.025084298499989645,0.001843949,4,Mixed pathway
BIH,Bosnia and Herzegovina,11.33661238,39.26117,4013424,2.824673489519174,0.000288749,0.3372786103542234,0.6627213896457766,0.3372786103542234,0,0,9782.462555663195,24.51282705,54.00441,3185073,7.696158629017294,0.000453904,0.36193377587666586,0.6399483451118324,0.31294449332257385,0.022338182845959096,0.009147199,16955.47009,116.22709008783588,37.55170821450303,172.4618848009708,57.196950073963194,2.465516552244246,-2.277304453,3.0951212505147034,2.723647176199607,0.002146803,4,Mixed pathway
BLR,Belarus,59.5477521,134.6444,9563133,6.226803715790631,0.000442259,0.001570894,0.9984291055326903,0.001099626,3.141788934619372e-05,0,14079.528121171166,46.70899337,179.0622,9115680,5.124027320945886,0.000260853,0.030831331585273538,0.6999262825429211,0.009039753,0.004313385,0.005243554,19643.31788742036,-21.5604423,32.98896946326769,-17.71015187,-41.01799719,2.926043711796385,-29.8502823,-0.653565196,-1.397067165,0.000898565,4,Mixed pathway
BLZ,Belize,1.073313812,2.946299,296100,3.6248355690645058,0.000364292,0.8214616096207216,0.17853839037927846,0.82053654,0,0.000925069,9950.351232691659,0.662250031,3.900853,411106,1.6108984811703064,0.000169771,0.8800124365945035,0.11998756340549652,0.5286351146308419,0,0.024050343014626323,9488.679318715855,-38.29856435,32.398408987003705,-55.55940537,-53.3971472,5.855082697378188,-5.855082697,-1.182112503,-0.017196244,0.003441026,0,Transitioning systems
BMU,Bermuda,0.768531146,7.908204,63010,12.196971052213936,9.718150239928055e-05,0.011005640390700235,0.9889943596092997,0,0,0,125507.1258530392,0.577092569,7.050167,64697.99999999999,8.919789931682589,8.18551630053586e-05,0.010128071541477926,0.9898719284585221,0,0,0,108970.40093975085,-24.90967061,-10.84996037,-26.86881117,-15.77084015,-0.087756885,0.087756885,2.295830561534228,-0.005780368,-0.000133348,4,Mixed pathway
BOL,Bolivia,11.08751308,57.92873,9685960,1.1446994496157326,0.000191399,0.4319249691363712,0.5680750308636289,0.4230804665475115,0,0,5980.690607848886,21.55196612,109.4419,12244160,1.7601833134326894,0.000196926,0.350308819,0.649691181,0.24909945406213393,0.036926389191202766,0.029390391397079753,8938.293847842564,94.38052484404548,88.92508087092537,53.76816281545085,2.8876229391942445,-8.161615016,8.161615016396617,1.0613487659464564,0.9065121765998547,-0.002102795,4,Mixed pathway
BRA,Brazil,362.9834626,2476.529,188552300,1.9251075836306426,0.000146569,0.8835362220754231,0.09025144,0.8415285325230983,0.001451241,4.499972100172979e-07,13134.440683035953,437.7691776,3222.822,211140700,2.073352875911655,0.000135834,0.8897131765346316,0.089613285,0.600825501,0.1344597084791071,0.071384813,15263.859596941755,20.603063947286483,30.134636016779943,7.700623775084317,-7.324392922,0.6176954459208406,-0.063815536,0.6837004414393467,11.15801841409854,0.018345244,0,Transitioning systems
BRB,Barbados,1.409851156,4.760934,271288,5.196879906225119,0.000296129,0,1,0,0,0,17549.371885228982,1.347940553,5.044809,282336,4.7742425797631185,0.000267194,0.080839726,0.9191602739820637,0,0,0.078644895,17868.103961237674,-4.391286466,5.962590533706204,-8.132520552,-9.771256957,8.083972601793626,-8.083972602,-0.736472921,-0.077902093,0.009030549,4,Mixed pathway
BRN,Brunei,10.18608644,26.71652,370873,27.465160429581015,0.000381265,0,1,0,0,0,72036.84280063526,10.82253434,26.71543,458949,23.58112631904634,0.000405104,0.000895599,0.9991044013344703,0,0,0.000895599,58210.01897814354,6.248208303542238,-0.004079873,-14.1416764,6.252543272,0.089559867,-0.089559867,-1531.471395,0.007818184,0.00015241,3,Mixed pathway
BTN,Bhutan,0.338869663,4.421287,678641,0.4993356767421951,7.664502734158628e-05,0.9996921182266009,0.000307882,0.9996921182266009,0,0,6514.912892088748,0.732751421,9.155634,786385,0.9317973015761999,8.003284327442534e-05,0.999999624,3.7615645608028116e-07,0.9999100627825726,8.956106097149553e-05,0,11642.686470367567,116.23399820242983,107.08074368390919,86.60739558116592,4.42013794,0.030750561694314893,-0.030750562,1.0854799304115785,0.004784118,-1.14E-07,0,Transitioning systems
BWA,Botswana,4.07774137,26.7258,1911201,2.133601525951483,0.000152577,0,1,0,0,0,13983.772507444271,5.897438653,41.34575,2480244,2.3777655154089676,0.000142637,0.002322068,0.9976779316016293,0,0,0.002322068,16670.033270920118,44.62512743911466,54.703507472180455,11.443748351679654,-6.514642233,0.23220683983707185,-0.23220684,0.8157635497469486,0.22097958229990605,-4.05E-05,4,Mixed pathway
CAF,Central African Republic,0.354199611,4.691365,4462770,0.07936766,7.550033114029713e-05,0.8500000000000001,0.15,0.8500000000000001,0,0,1051.222671121299,0.313,4.556582,5152421,0.060748142,6.869183962891483e-05,0.9922226492454511,0.007777351,0.9922226492454511,0,0,884.3574700126406,-11.63174936,-2.873001781,-23.45983026,-9.01783,14.222264924545103,-14.22226492,4.048639802892732,0.0056766,-0.00034645,0,Transitioning systems
CAN,Canada,575.9608852,1468.566,32848660.000000004,17.53377109449822,0.000392193,0.6057321434053851,0.2519192516574804,0.5880302685094068,0.004858926,4.201266520268687e-05,44707.02914517669,585.8530635,1932.199,39936360,14.669666026372958,0.000303205,0.6805520105408461,0.18081538697011465,0.5915830309455852,0.060791711,0.013643589540422055,48381.95068353751,1.7175086993186686,31.57045716705957,-16.33479217,-22.6897049,7.481986713546107,-7.110386469,0.054402401911072325,-1.141402111,0.003011922,0,Transitioning systems
CHE,Switzerland,42.93157884,480.9481,7593494,5.653731844523746,8.926447331635158e-05,0.564393514,0.014895253520141928,0.5262447537323506,0.000260179,0.000439052,63336.86442631021,33.306112,634.5204,8962258,3.716263468201875,5.2490214653461103e-05,0.6772638170636955,0.004619735,0.5407822102624242,0.002451535,0.088393907,70799.16691,-22.42048185,31.931158476351186,-34.268841,-41.19697041,11.28703026782305,-1.027551811,-0.702150593,-1.02210555,0.007693374,0,Transitioning systems
CHL,Chile,69.90906679,324.2624,16454169.999999998,4.248714264408354,0.000215594,0.43934246199251864,0.5606575380074814,0.39292700504478534,0.000154432,0,19707.004364243232,83.05770147,493.3568,19911270,4.1713914515246895,0.000168352,0.6540395215606628,0.34596047843933714,0.27045970254544316,0.10981114263936306,0.2082542773773008,24777.76656134943,18.80819653747256,52.14739667627205,-1.819910874,-21.91243549,21.469705956814416,-21.46970596,0.3606737389832273,-0.57578552,0.045272165,0,Transitioning systems
CHN,China,7057.568452,9196.658,1325814000,5.323196505970671,0.000767406,0.1515053037637939,0.8303830988152432,0.14673115277832924,0.001743996,3.2069979750098496e-05,6936.612526342307,12195.65713,27877.49,1422585000,8.572884666280048,0.000437473,0.3153436644462677,0.6393632665875248,0.13416835047429643,0.095676074,0.063089594,19596.361553088216,72.80253412051236,203.12630957897971,61.04768359883804,-42.99322472,16.383836068247383,-19.10198322,0.3584101649432332,286.07723406818974,0.01161497,1,Rapid emitters
CIV,Ivory Coast,6.013354819,71.90893,21030560,0.28593412724149997,8.36245904229141e-05,0.3374545713674909,0.6625454286325091,0.3169315185633863,0,3.5630300007126064e-05,3419.2589260580794,16.28023773,166.7151,31165650,0.5223776089380455,9.765304839213724e-05,0.310791058,0.6892089423357161,0.30130432645907085,0,0.001617018,5349.322090185829,170.7346933289286,131.84199792710032,82.69159193328657,16.77551770152429,-2.66635137,2.6663513703206965,1.294994736224593,1.4395107847998199,-0.007276135,4,Mixed pathway
CMR,Cameroon,4.315820519,58.24195,18049900,0.23910495454268446,7.410158002951482e-05,0.7463976945244957,0.25360230547550433,0.7317963496637848,0,0,3226.7187075828674,6.707113024,104.7868,28372690,0.2363932719809084,6.400723205594598e-05,0.6389763662252969,0.3610236337747031,0.6309420950406174,0,0.002685834,3693.227536761583,55.4075985,79.91636612441718,-1.134097186,-13.62231139,-10.74213283,10.742132829919877,0.6933197939744495,-0.043710971,0.009829259,0,Transitioning systems
COD,Congo-Kinshasa,1.778880395,49.91539,62477750,0.028472222431185502,3.5637914378711654e-05,0.9888874696640695,0.011112530335930515,0.9888874696640695,0,0,798.9306593147161,5.883090955,127.2937,105789700,0.055611188565616504,4.6216670227984575e-05,0.999748428,0.000251572,0.859685535,0,0.13836477987421383,1203.2712069322438,230.71874711396774,155.0189430554384,95.31734377259504,29.683992550338896,1.0860958008886534,-1.086095801,1.4883261527041718,0.5568746875999593,5.579198275462871e-05,0,Transitioning systems
COG,Congo-Brazzaville,1.955736453,16.55445,3980430,0.49133798433837556,0.00011814,0.8217821782178217,0.17821782178217818,0.8217821782178217,0,0,4158.960212841326,2.659740877,21.61078,6182885,0.43017796336176395,0.000123075,0.20589729324399508,0.7941027067560049,0.20241406835828837,0,0.001935125,3495.258281530386,35.996896356873286,30.543630262557798,-12.44764763,4.177351344793704,-61.5884885,61.58848849738268,1.178540207808907,-0.011563626,-0.018157659,4,Mixed pathway
COL,Colombia,48.8776574,475.132,43235380,1.130501395014916,0.000102872,0.8138643498576331,0.18613565014236697,0.8031138205446449,0.000912609,0.000127765,10989.425789712037,85.87757153,793.6337,52321160,1.6413545023275475,0.000108208,0.6596582783618422,0.3403417216381578,0.621382299,0.000639503,0.012500653,15168.503527062474,75.69903324780053,67.03436097758096,45.18818902526795,5.1873591873605625,-15.42060715,15.420607149579082,1.1292571771231978,1.3553840914995656,0.002012212,0,Transitioning systems
COM,Comoros,0.12101908,1.524326,616927,0.19616434359332627,7.939186237064775e-05,0.096525097,0.9034749034749036,0.096525097,0,0,2470.836906,0.436,3.044991,850387,0.5127077436508319,0.000143186,0,1,0,0,0,3580.712075796079,260.27376840081746,99.75982827820295,161.36643095227365,80.35346321,-9.652509653,9.652509652509645,2.609003773292241,0.05921999,-0.000735294,4,Mixed pathway
CPV,Cabo Verde,0.360745456,3.149212,496190,0.7270308873616962,0.000114551,0.026070764,0.9739292364990689,0,0.026070764,0,6346.786513230819,0.714000007,4.546439,522331,1.3669493233218017,0.000157046,0.2885375494071146,0.7114624505928854,0,0.14624505928853754,0.14229249011857706,8704.133968690352,97.92349290187593,44.367511618779574,88.01805357710306,37.09697610118655,26.246678590618355,-26.24667859,2.207099053543214,-0.022099999,0.031958711,4,Mixed pathway
CRI,Costa Rica,7.224134156,68.53635,4380248,1.6492523153940142,0.000105406,0.9196170118013806,0.080382988,0.7460476508572701,0.026831441,0,15646.682562265882,7.909851238,116.9643,5105525,1.5492728442226804,6.762620079802127e-05,0.9988749564074719,0.001125044,0.7285148411994182,0.1270209131786808,0.007446445,22909.357999422195,9.492031393554315,70.66024088,-6.062108886,-35.84209724,7.925794460609136,-7.925794461,0.13433341403045687,0.13117612259996478,0.001636223,0,Transitioning systems
CUB,Cuba,19.08467391,114.8458,11287270,1.6908139795539574,0.000166177,0.030376285,0.9696237154060481,0.006820903,0.000113493,5.674628169989162e-06,10174.807548680948,19.71563918,134.0923,11019930,1.78908933,0.00014703,0.047950134288112546,0.9520498657118874,0.007994398,0.004182209,0.013954981080814496,12168.162592684346,3.306136002504982,16.758557996896705,5.812310034364508,-11.52157257,1.7573849694160564,-1.757384969,0.1972804583256627,-0.379467328,0.000672959,4,Mixed pathway
CYM,Cayman Islands,0.469614249,3.276904,49687,9.451451063658503,0.00014331,0,1,0,0,0,65950.93283957575,0.737,4.163169,73038,10.090637750212219,0.000177029,0.032815666,0.967184334,0,0.001426768,0.031388898,57000.04107450916,56.937316439902155,27.04580299,6.762841835,23.52813925910314,3.281566559037894,-3.281566559,2.1052181908478973,-0.0098,0.001834152,4,Mixed pathway
CYP,Cyprus,8.849484022,29.83226,769426.6,11.501401201882025,0.000296641,0.00061589,0.9993841100390063,0,0,0.000410593,38772.06740707951,6.836875219,43.72886,959884.6,7.122601215812818,0.000156347,0.2042469273730399,0.795753073,0,0.039147739,0.1551378960273703,45556.37208889485,-22.74266836,46.58245805044604,-38.0718828,-47.29428564,20.36310374120463,-20.36310374,-0.488223879,0.003655539,0.025342992960685016,4,Mixed pathway
CZE,Czechia,120.3458761,345.958,10309980,11.672755538517048,0.000347863,0.039490046,0.6760491359373365,0.024033377,0.001452694,2.3243111322881683e-05,33555.642202991665,79.90092319,438.1834,10873170,7.348447894404298,0.000182346,0.1588041229733355,0.42659635302908566,0.031921197816984666,0.009546367,0.044212977,40299.50787120959,-33.60726121,26.65797582365489,-37.04615958,-47.58108334,11.931407683575951,-24.94527829,-1.26068316,-3.608223446,0.007659294,4,Mixed pathway
DEU,Germany,832.2576096,3850.023,81058120,10.267418114853886,0.00021617,0.150156193,0.6394495769648243,0.033679855,0.065098529,0.004941812,47497.067536232025,600.1919572,4476.584,83329470,7.202637400297879,0.000134074,0.5458262015500434,0.4461912759011202,0.040424865,0.2817700971302707,0.12092751902903345,53721.498528671786,-27.88387271,16.274214465731752,-29.84957543,-37.97754074,39.56700081498614,-19.32583011,-1.713377488,-19.3312766,0.025254570303820778,0,Transitioning systems
DMA,Dominica,0.121246436,0.7688317,68847,1.761099772,0.000157702,0.1710843373493976,0.8289156626506025,0.16867469879518074,0,0.002409639,11167.250570104725,0.168,0.8321499,66510,2.525935949481281,0.000201887,0.15743077993047688,0.8425692200695232,0.14951827292717096,0.006500794,0.001411713,12511.650879566982,38.560773860602396,8.235638566932138,43.429463208252784,28.01769887920732,-1.365355742,1.3653557418920714,4.682183846123627,-0.0019,0.002442261,4,Mixed pathway
DNK,Denmark,55.24770707,285.8853,5465026,10.10932190862404,0.000193251,0.2823278054735985,0.7176721945264014,0.000712178,0.18239393631091666,5.0869874860107844e-05,52311.79138031548,29.91540559,339.5632,5950526,5.027354823,8.809966918382203e-05,0.8931588302966121,0.10684116970338792,0.000583842,0.5795094120069142,0.099738493,57064.40069331686,-45.85222234,18.776026609273032,-50.27010843,-54.41186306,61.08310248230136,-61.08310248,-2.442062066,-0.735734991,0.015259549,0,Transitioning systems
DOM,Dominican Republic,18.62842825,109.3358,9455658,1.970082701172145,0.000170378,0.12792030024631726,0.8720796997536827,0.11670909178233514,0,0,11563.002807419642,29.71282689,221.8088,11331260,2.6221997276560596,0.000133957,0.17265585463125627,0.8273441453687438,0.059646008,0.048856799,0.055440252,19574.945769490772,59.50259721788335,102.8693255091196,33.100997541672896,-21.37668087,4.473555438493901,-4.473555438,0.5784289624083159,0.6377489094998255,0.011746269,4,Mixed pathway
DZA,Algeria,87.28944471,411.098,34189410,2.553113514213904,0.000212332,0.006022477,0.9939775232564391,0.006022477,0,0,12024.132618843087,163.6607155,596.5936,46164220,3.5451853292225017,0.000274325,0.009375459,0.9813654059915967,0.000205759,0.000205759,0.008963942,12923.289941864066,87.49198830995786,45.121990376990404,38.857332801125125,29.196125151605813,0.3352982498174767,-1.261211726,1.939009950114561,4.256834173499539,-0.000421082,4,Mixed pathway
ECU,Ecuador,24.07690923,127.0291,14328770,1.680319332,0.000189539,0.5200220340948626,0.4799779659051374,0.518786965,5.7984460164675874e-05,0,8865.317818626441,38.28622259,208.7374,17980080,2.129368867713603,0.000183418,0.7678963561274609,0.23210364387253904,0.7535478056097018,0.001786248,0.001142027,11609.369924939156,59.01635140159422,64.32250563059961,26.724059374186414,-3.229109858,24.78743220325983,-24.7874322,0.917507035,1.7426228606996752,-0.005646741,0,Transitioning systems
EGY,Egypt,172.367072,776.8149,84276230,2.0452632013320957,0.00022189,0.1312909498161376,0.8687090501838624,0.12261487908200544,0.006635817,1.5970677835494034e-06,9217.485167525885,236.6176256,1462.348,114535800,2.065883554469432,0.000161807,0.12120748803119057,0.8787925119688094,0.069978117,0.027888998,0.021691973969631236,12767.606285545655,37.27542210885479,88.24922127523558,1.008200466517275,-27.07782737,-1.008346178,1.0083461784947012,0.42238811368769535,2.584728765599526,0.001777459,4,Mixed pathway
ERI,Eritrea,0.684580762,4.488367,2743222,0.24955354032593788,0.000152523,0.006944444,0.9930555555555556,0,0,0.006944444,1636.166157897538,0.733,6.563731,3470390,0.21121545417085688,0.000111674,0.10896342930794352,0.8910365706920566,0,0.002270071,0.10669335786402803,1891.352556917234,7.072830656027117,46.23873226053038,-15.36266971,-26.78216708,10.201898486349908,-10.20189849,0.15296333420595362,0.0336,-0.005037912,4,Mixed pathway
ESP,Spain,381.7985049,1747.191,45337340,8.421281551,0.000218521,0.19732464500743155,0.6294289049182531,0.09081092,0.092597849,0.001706316,38537.571899895316,254.8229342,1951.291,48419320,5.262835871961853,0.000130592,0.522791865,0.28132654692978165,0.092639285,0.23550827387260467,0.1725833469893174,40299.84312,-33.25722052,11.681607792164675,-37.50552288,-40.23834291,32.546722001853944,-34.8102358,-2.846972875,-1.723894231,0.028530077,0,Transitioning systems
EST,Estonia,6.343677309,40.73051,1340120,4.733663633853685,0.000155748,0.011894995898277276,0.9881050041017228,0.001722724,0.007465135,0,30393.181207653048,4.606517643,47.99427,1371386,3.3590233843717234,9.598057524366971e-05,0.4748165768666438,0.5251834231333563,0.003517235,0.1056440528585301,0.092187228,34996.908237359865,-27.38411148,17.83370745910129,-29.03966897,-38.37426481,46.29215809683666,-46.2921581,-1.535525439,-0.0652311,0.018718765754406973,0,Transitioning systems
ETH,Ethiopia,5.601533213,81.49259,83103220,0.067404527,6.873671843047325e-05,0.9874927283304247,0.012507271669575333,0.9746945898778359,0,0,980.6189218660842,18.51876504,313.7985,128691700,0.14390022855397822,5.901482971715925e-05,0.9998904351903175,0.000109565,0.9651324411914253,0.030732929115954016,0.001998116,2438.374036554028,230.60171811570763,285.06384445506023,113.48748453045249,-14.1436614,1.2397706859892832,-1.239770686,0.808947619,0.6635408318999519,6.975765401235182e-05,0,Transitioning systems
FIN,Finland,57.95398759,250.4349,5291661,10.951946391123695,0.000231413,0.30460510677692565,0.41384659652458927,0.1755845520623522,0.00235197,5.0041910099708504e-05,47326.331,33.59406045,258.601,5588896,6.010858039584205,0.000129907,0.5291781405383372,0.050661824,0.1949059699044518,0.18837918446488827,0.008530094,46270.497787040586,-42.03322006,3.2607675687374242,-45.11607503,-43.8636945,22.45730337614116,-36.31847725,-12.89059069,-1.790921332,0.012795747579550527,0,Transitioning systems
FJI,Fiji,2.529045987,8.600349,897832,2.8168365429167146,0.000294063,0.6868175166047507,0.31318248339524934,0.5718788697512102,0.011257458065968704,0.000112575,9579.018123657877,1.432012143,12.02432,924145,1.5495535256913147,0.000119093,0.6369779115671796,0.3630220884328203,0.5234347096103354,0.002260431,0.011302156396929363,13011.291518105925,-43.37737825,39.81200065253166,-44.9895831,-59.50088585,-4.983960504,4.983960503757095,-1.089555349,0.014540622,0.008503461,0,Transitioning systems
FRA,France,408.2421046,2676.392,63871390,6.391627059439289,0.000152534,0.12400611564326891,0.104045336,0.10530465579194996,0.007515298,3.323719167888441e-05,41902.83004644176,303.7791876,3096.081,68396050,4.441472680980846,9.811732560033151e-05,0.2814990528921385,0.078621258,0.11141240611181309,0.10011159226855547,0.045562923401511864,45266.95620580428,-25.58847211,15.681148351960413,-30.51107895,-35.67532052,15.749293724886959,-2.54240772,-1.631798357,-5.147974726,0.014297323135485115,0,Transitioning systems
GAB,Gabon,2.371292719,22.63389,1556237,1.523734957464705,0.000104767,0.4640787949015064,0.5359212050984936,0.45944380069524915,0,0,14543.98655217682,3.143501036,34.21912,2484789,1.265097775,9.186387715405891e-05,0.48073911681803944,0.5192608831819605,0.4769808957093642,0,0.000313185,13771.43894310543,32.56486686829827,51.18532430792937,-16.97389568,-12.31631279,1.666032191653305,-1.666032192,0.6362149172366088,0.051899739799997895,0.002132126,4,Mixed pathway
GBR,United Kingdom,574.3540041,2643.604,61382940,9.356899558,0.000217262,0.055948229059898984,0.7982621856580351,0.013144932898008131,0.013654181573689734,3.624545734388629e-05,43067.40602519202,340.9397948,3153.517,68611940,4.969102969556028,0.000108114,0.5009306789288528,0.362989286,0.019562124,0.30625802786735873,0.049280757,45961.63583189748,-40.63943276,19.288554564148036,-46.89370193,-50.23783509,44.49824498689538,-43.52728992,-2.106919553,-9.187577014,0.020466544245406178,0,Transitioning systems
GEO,Georgia,6.011908629,33.1833,3967590,1.515254506892093,0.000181173,0.79374412,0.20625587958607716,0.79374412,0,0,8363.590996,10.69978034,68.75512,3807492,2.8101911554902808,0.000155622,0.7605584884690191,0.2394415115309808,0.754584607,0.005973882,0,18057.850154379837,77.97642983771969,107.1979580089985,85.46000970188204,-14.10319313,-3.318563194,3.318563194490365,0.7274059253178511,0.3234813905999275,0.001516336,0,Transitioning systems
GHA,Ghana,6.675884551,78.01927,23642280,0.28237058993464254,8.556712400667169e-05,0.5318460808693527,0.46815391913064724,0.5304086590291652,0,0,3299.9892565353257,20.82188077,192.5812,33787910,0.6162524042475548,0.00010812,0.3853471707437608,0.6146528292562392,0.37834609999176344,0,0.006177415,5699.707381,211.8969570688731,146.8379927164148,118.24241837302975,26.356949202387447,-14.64989101,14.649891012559197,1.4430662878789506,1.045312352999917,-0.008875716,4,Mixed pathway
GIN,Guinea,1.338244321,19.61308,9662281,0.13850190457098072,6.823223690516737e-05,0.6798469387755102,0.3201530612244898,0.6798469387755102,0,0,2029.8602369357711,4.505249242,44.13648,14405470,0.3127457307536651,0.000102075,0.7472975324932131,0.2527024675067869,0.7411215198279799,0,0.006176013,3063.8694884651454,236.65371646288494,125.03594539970264,125.80608672668923,49.59997429074269,6.7450593717702905,-6.745059372,1.8926854650186677,0.049501412,0.035019961404323924,0,Transitioning systems
GLP,Guadeloupe,2.443079243,6.191362,408296,5.983598279189608,0.000394595,0.1306683322923173,0.8693316677076827,0,0.031230480949406624,0.001249219,15163.905597899564,0,7.034443,376517,0,0,,,,,,18682.935963050804,-100,13.617052273796942,-100,-100,,,-7.343733283,0,-0.0025361,4,Mixed pathway
GMB,The,0.457456946,3.550599,1765774,0.259068797,0.000128839,0.008658009,0.9913419913419913,0,0,0.008658009,2010.7890364225545,0.537,6.19636,2697845,0.1990477584887197,8.666378325339393e-05,0.009708738,0.9902912621359223,0,0.003883495,0.005825243,2296.7813199053317,17.388096234088017,74.51590563,-23.16799214,-32.73501586,0.1050729206069011,-0.105072921,0.23334744559564025,0.010799999999998125,-0.000283981,4,Mixed pathway
GNB,Guinea-Bissau,0.320253741,2.592423,1450986,0.22071456306263462,0.000123535,0,1,0,0,0,1786.6630001943506,0.366000955,4.937748,2153339,0.16996903645919198,7.412305265477299e-05,0.034965017034256994,0.965034983,0,0,0.034965017034256994,2293.065792241723,14.284677473915922,90.46845364356048,-22.99147184,-39.99810715,3.4965017034256993,-3.496501703,0.1578967794696323,-0.000599809,-0.000310581,4,Mixed pathway
GNQ,Equatorial Guinea,3.158755874,29.68797,1036044.0000000001,3.0488626679947957,0.000106399,0.1044776119402985,0.8955223880597014,0.1044776119402985,0,0,28655.12468582415,5.471027525,23.36951,1847549,2.9612354124301983,0.00023411,0.3142190268412246,0.6857809731587754,0.3142190268412246,0,0,12648.925684785627,73.20197391740568,-21.28289674,-2.874096511,120.03092942901763,20.97414149009261,-20.97414149,-3.439474185,0.42992407259996474,-0.00374833,4,Mixed pathway
GRC,Greece,110.7827595,402.5444,11051590,10.024146704863282,0.000275206,0.073667159,0.9317379867838583,0.041140053,0.029158914,1.603900686469494e-05,36424.116348869255,62.05999197,332.6197,10405690,5.964043900020085,0.000186579,0.4979177016619181,0.5040978663203919,0.096783112,0.22588311952161885,0.16981652142051248,31965.174822621084,-43.98046026,-17.3706801,-40.5032261,-32.20379908,42.425054313237425,-42.76401205,2.5318790053024864,-1.047559175,0.035009055,0,Transitioning systems
GRD,Grenada,0.231333533,1.427953,110522,2.093099410072203,0.000162004,0.000569152,0.9994308480364258,0,0,0.000569152,12920.07926023778,0.348000151,1.782053,117081,2.9723025170608377,0.00019528,0.017539952,0.9824600478624368,0,0.000835236,0.016704716,15220.68482503566,50.43221209092932,24.797734939455296,42.00484232893201,20.540819241559483,1.6970800173988998,-1.697080017,2.033742687147099,-0.0019522,-3.87E-05,4,Mixed pathway
GRL,Greenland,0.602356258,4.177404,56782,10.608225458772147,0.000144194,0.5656008820286659,0.434399118,0.5622932745314222,0,0,73569.15924060442,0.527012254,5.256553,55922,9.424059475698293,0.000100258,0.8640955004591367,0.13590449954086317,0.8576675849403123,0,0.001836547,93997.94356,-12.50821304,25.833005378459927,-11.16271508,-30.46992186,29.849461843047088,-29.84946184,-0.484195039,-0.006115836,0.007819882,0,Transitioning systems
GTM,Guatemala,11.4732754,112.7871,13652040,0.8404073972095013,0.000101725,0.5095003438001374,0.4904996561998624,0.34391473756589497,0,0,8261.556515,18.54615654,189.7628,18124840,1.0232452557926028,9.773336260847753e-05,0.7456381320068305,0.2543618679931695,0.41970450664488823,0.025540129185537157,0.018041428,10469.764146883503,61.64657336779871,68.24867382883328,21.755860216152133,-3.924013373,23.613778820669307,-23.61377882,0.9032640476268807,-0.414402852,0.030314873539314665,0,Transitioning systems
GUY,Guyana,1.519155927,6.589363,756861,2.007179557408824,0.000230547,0.019165247,0.9808347529812605,0,0,0.000567859,8706.173260347672,2.638878769,37.7062,826353,3.1934037499712598,6.998527480891738e-05,0.070531978,0.9294680215182307,0.002988643,0.000298864,0.013448894202032276,45629.65221884594,73.70690671702197,472.22830188593355,59.09905709152382,-69.64377572,5.136673146302992,-5.136673146,0.15608320471826745,0.078351448,0.008593283,4,Mixed pathway
HKG,Hong Kong,84.58977828,327.0048,6971345,12.13392513,0.000258681,2.571308821903437e-05,0.9999742869117808,0,2.571308821903437e-05,0,46906.98853664537,58.43262742,426.6365,7442734,7.850962753068966,0.000136961,0.009488037,0.9905119631882567,0,2.769422283915542e-05,0.005314799,57322.55109,-30.92235421,30.46796254978521,-35.29741886,-47.05393996,0.9462323723524201,-0.946232372,-1.014913753,-7.485241296,0.001399863,4,Mixed pathway
HND,Honduras,7.982011697,38.3742,7834798,1.018789724636168,0.000208005,0.37496028,0.6250397203686051,0.34826819192882114,0,0,4897.918236054075,10.53445327,61.74036,10644850,0.9896290951962686,0.000170625,0.6156889086694547,0.3843110913305452,0.33153236812115033,0.058842298,0.088647758,5800.021606692439,31.97742215736571,60.890285660678266,-2.862281463,-17.97054644,24.07286290380597,-24.0728629,0.5251645941614639,0.2747273988999321,0.017563596944331593,0,Transitioning systems
HRV,Croatia,20.45852391,110.2676,4312553,4.743947241228108,0.000185535,0.3537278502173186,0.6521230357739886,0.35055165496489465,0.002925443,0,25568.984311613098,16.46725541,133.8102,3857814,4.268545711897982,0.000123064,0.7050486825771038,0.29752322738238607,0.4920773180969878,0.13990069903495897,0.034457301,34685.49805667147,-19.50907367,21.35042387791156,-10.02122294,-33.67066734,35.13208323597852,-35.45998084,-0.913755801,-0.132639662,0.007950409,0,Transitioning systems
HTI,Haiti,1.965478346,28.4716,9373296,0.20968913667081462,6.903294321358829e-05,0.3261802575107296,0.6738197424892703,0.3261802575107296,0,0,3037.522766804761,2.854235219,32.07198,11637400,0.24526399530823037,8.899466821194076e-05,0.1865745310957552,0.8134254689042448,0.1826258637709773,0,0.003948667,2755.9403303143317,45.218349762475576,12.645513423903134,16.965522965199558,28.916230525751725,-13.96057264,13.960572641497448,3.5758413475724726,0.021766987099994067,0.007924275,4,Mixed pathway
HUN,Hungary,56.96104198,250.1766,10053190,5.66596692,0.000227683,0.051783159615777646,0.594062947,0.005313713,0.002810137,0,24885.295115281817,40.16126299,331.2671,9590296,4.187697959166224,0.000121235,0.27199811127798795,0.27959840598491864,0.006466311,0.018615234948189032,0.1966239495310993,34541.90569300468,-29.49345449,32.41330324258944,-26.09032106,-46.75267229,22.02149516622103,-31.44645411,-0.909918198,-1.860385821,0.029600987808532674,0,Transitioning systems
IDN,Indonesia,325.105592,1609.301,237062300,1.3713930555723115,0.000202017,0.12858580243873263,0.8714141975612674,0.078615002,0,0,6788.515086540542,829.655188,3451.327,281190100,2.9505135066348354,0.000240387,0.18036020314328707,0.819639797,0.064239885,0.001256583,0.001862669,12273.998977915651,155.19560675203095,114.46124746085415,115.14718152072918,18.9938088,5.177440070455444,-5.17744007,1.355879043735811,74.76885380369275,6.694791721558366e-05,1,Rapid emitters
IND,India,1313.504723,4079.046,1190676000,1.1031588133388093,0.000322013,0.15722026878026926,0.8242268402335653,0.13363309003120602,0.013888177565224454,6.946443509225524e-05,3425.8236497586245,2820.659914,10938.33,1438070000,1.9614204555167691,0.000257869,0.21537493673180946,0.7581719278172167,0.081098092,0.050103344,0.065676851,7606.256997225448,114.74303552762659,168.15902541917887,77.80037033655688,-19.9195197,5.815466795,-6.605491242,0.6823483618652081,97.65328939779414,0.004733474,1,Rapid emitters
IRL,Ireland,44.67264772,259.3298,4413647,10.12148178660414,0.000172262,0.09927894,0.9077185379888467,0.023443327531701776,0.069548538,0,58756.35273958247,35.48633077,555.6246,5321574,6.668389986496477,6.386745794552654e-05,0.4385661936519371,0.5677069882110023,0.029297956,0.3666860225388996,0.004823914,104409.82310872685,-20.56362767,114.2540502479854,-34.11646509,-62.92421439,33.928725357450304,-34.00115498,-0.179981608,0.5328290040998807,0.006029983,0,Transitioning systems
IRN,Iran,450.2576074,1063.86,74602650,6.035410369216107,0.00042323,0.088074169,0.9119258312459674,0.087372519,0.000701649,0,14260.351341406771,823.363614,1417.65,90608700,9.087026013771304,0.000580795,0.037960619681992075,0.9458806290185966,0.033658117134644144,0.002203226,0.00203289,15645.848577454482,82.86500893638079,33.25531554903843,50.56185839690546,37.22905400279197,-5.011354907,3.395479777262922,2.491782368270952,41.639849151496875,-0.015254083,1,Rapid emitters
IRQ,Iraq,84.76416946,209.7532,28391610,2.9855358487947674,0.000404114,0.17257875259499952,0.8274212474050004,0.17257875259499952,0,0,7387.858596254316,190.8152097,405.0542,45074050,4.233371744673488,0.000471086,0.011710621,0.9882893787446022,0.009202152,0,0.00250847,8986.416796360656,125.11305296047904,93.10990249493214,41.79604463240528,16.57250614912758,-16.08681313,16.086813133960177,1.3437137147392972,10.609477131898545,-0.00798596,1,Rapid emitters
ISL,Iceland,3.700959562,16.73345,311651,11.87533350446493,0.000221171,0.9998318338518456,0.000168166,0.6987303455814344,0,0,53692.91290578244,3.101085644,22.41691,387558,8.001604002,0.000138337,0.9997907554619547,0.000209245,0.7117656614588599,0.000364764,0,57841.43276619242,-16.20860504,33.964663592982916,-32.6199639,-37.45261421,-0.004107839,0.004107839,-0.477219655,0.034703007,-1.24E-05,0,Transitioning systems
ISR,Israel,67.22975023,232.094,6962455,9.656040897930398,0.000289666,0.000446163,0.9995538370017847,0.000260262,0.000185901,0,33335.080801240365,64.40071863,418.116,9256314,6.957490706667902,0.000154026,0.10498332083403894,0.8950166791659611,2.6880202999293052e-06,0.009878475,0.093610307,45170.896320068656,-4.208005514,80.14942221686042,-27.94675602,-46.82636597,10.453715783582359,-10.45371578,-0.052502007,0.8595858130997266,0.015330707,4,Mixed pathway
ITA,Italy,459.3515178,2603.754,58817630,7.809759043623485,0.000176419,0.1609885694606163,0.8455319218721814,0.10655821047280122,0.013231218328222116,0.000124637,44268.25766356108,307.442222,2620.225,58980970,5.212566393,0.000117334,0.44647583375080074,0.5560898274406295,0.15088974012803466,0.091543464,0.12067321159441496,44424.922140141134,-33.07038072,0.6325866422096713,-33.25573345,-33.49110709,28.548726429018444,-28.94420944,-52.27802567,-1.511117214,0.000112907,0,Transitioning systems
JAM,Jamaica,13.29092592,27.27216,2713800,4.897533320067802,0.000487344,0.048917534,0.9510824657081474,0.026111387,0.008593621,0,10049.436214901614,7.889915514,28.08346,2839786,2.7783486199312204,0.000280945,0.12941080204689603,0.870589198,0.026550516,0.060686894,0.029450992857460206,9889.287432222005,-40.63682576,2.9748285431003603,-43.27044987,-42.351762,8.049326775504346,-8.049326776,-13.66022451,-0.280188275,-0.00027116,4,Mixed pathway
JOR,Jordan,18.59028922,66.25411,6827227,2.722963396412628,0.000280591,0.005686687,0.9943133130793799,0.004673989,0.000233699,0,9704.395357002191,22.43427419,103.6042,11439210,1.961173384700517,0.000216538,0.23127382324262033,0.7687261767573796,0.000842124,0.077475401,0.15277900895310698,9056.936624120022,20.67738123118884,56.37399702,-27.97650577,-22.82771847,22.558713632200025,-22.55871363,0.3667893412313385,0.19111903599992214,0.021616925105622364,4,Mixed pathway
JPN,Japan,1276.600388,4857.37,128087700,9.966611846578555,0.000262817,0.08600492,0.6768749362941554,0.066090811,0.002357906,0.00181759,37922.22047862519,960.229731,5201.627,124371000,7.7206883520676035,0.000184602,0.25576133177667754,0.6687915385919055,0.075477778,0.010509054,0.10207611687891746,41823.47170964292,-24.782278,7.087312682,-22.53447339,-29.76037953,16.975641210692867,-0.80833977,-3.496710124,-35.62116482,0.013025159412971072,0,Transitioning systems
KAZ,Kazakhstan,251.7143999,293.8653,16257210,15.483247117678864,0.000856564,0.10569636791220276,0.8943036320877972,0.10568330284818395,1.3065064018813692e-05,0,18075.99828,269.8304998,520.7626,20330100,13.272462987393078,0.000518145,0.12312044067291945,0.8768795593270805,0.081943094,0.021455656849608984,0.019397665274238324,25615.348670198375,7.197085234324434,77.21132778,-14.27855613,-39.50889789,1.7424072760716696,-1.742407276,0.093212815,4.375255583499548,0.003851225,1,Rapid emitters
KEN,Kenya,11.1281728,130.9499,38036350,0.2925667893212677,8.498038407818561e-05,0.7411568809816687,0.2588431190183313,0.5179862590381327,0.000150011,0,3442.756731389842,19.02311761,264.1655,55339000,0.343756078,7.201211972797356e-05,0.8979591836734694,0.10204081632653061,0.20853858784893267,0.1570099304089452,0.045195089530064896,4773.586439942897,70.94556277135064,101.73020368858623,17.49661643,-15.26030329,15.680230269180074,-15.68023027,0.6973893710910802,0.3464819554999595,-0.003446203,0,Transitioning systems
KGZ,Kyrgyzstan,6.05825396,19.61879,5313368,1.1401909222173205,0.000308799,0.8575800856967966,0.14241991430320342,0.8575800856967966,0,0,3692.3454200800697,11.38910679,38.41086,7073516,1.610105467917228,0.000296507,0.8565691651488455,0.14343083485115443,0.8565691651488455,0,0,5430.235826143604,87.99322154860604,95.78608058906792,41.21367189856837,-3.980292683,-0.101092055,0.10109205479510164,0.9186430951915233,0.8960744207999155,-0.016549638,0,Transitioning systems
KHM,Cambodia,4.137174501,39.95713,13841770,0.29889056825825017,0.00010354,0.043653459,0.9563465413028878,0.031564809,0,0.001343183,2886.7066856334127,18.77859185,101.7961,17423880,1.0777502971783552,0.000184473,0.4452384234237502,0.5547615765762498,0.3859463302452791,2.1763890803305206e-05,0.058327227,5842.332477037262,353.89895551809605,154.7632925587999,260.58357527265554,78.16497461593107,40.158496472663806,-40.15849647,2.286711206946167,1.0092423804000297,0.005907292,0,Transitioning systems
KIR,Kiribati,0.038273004,0.1863503,102068,0.3749755457146216,0.000205382,0.015686274509803925,0.9843137254901961,0,0,0.015686274509803925,1825.7465611161188,0.081,0.3323564,132530,0.611182374,0.000243714,0.18525319712283259,0.8147468028771674,0,0,0.18525319712283259,2507.7823888930807,111.6374246453192,78.35034341237981,62.99259532708399,18.663872800050253,16.956692261302866,-16.95669226,1.4248492065662066,0.00118754,0.000357053,4,Mixed pathway
KNA,Saint Kitts and Nevis,0.273423163,1.099839,46706,5.854133580268059,0.000248603,0,1,0,0,0,23548.130861131332,0.269,1.371167,46758,5.7530262201120665,0.000196183,0.049554744315359035,0.9504452556846409,0,0.027029860535650384,0.022524883779708654,29324.757260789596,-1.617698717,24.66979257873198,-1.727110575,-21.08569426,4.955474431535904,-4.955474432,-0.06557407,0.0011,0.002166082,4,Mixed pathway
KOR,South Korea,537.4777615,1559.458,48178120,11.156055104371031,0.000344657,0.011029420537821463,0.6639749344367526,0.008578703,0.000897244,0.00016704,32368.59387622431,644.2314567,2468.43,51748740,12.44922014820071,0.000260988,0.087747253,0.6186668093429376,0.006441659,0.005831768,0.056234660634981545,47700.29183319246,19.861974344786375,58.28768713232416,11.591597851851835,-24.27586977,7.671783207847506,-4.530812509,0.34075763376398704,-0.984137428,0.009457195,1,Rapid emitters
KWT,Kuwait,62.66086755,172.7445,2507887,24.985522694603066,0.000362737,0,1,0,0,0,68880.49581,100.4585398,200.9729,4838782,20.76112124332115,0.000499861,0.022292376356149387,0.9777076236438507,0,0.020125653069680238,0.002166723,41533.77854179006,60.32101643889091,16.34112808,-16.90739675,37.80252872018063,2.229237635614939,-2.229237636,3.6913618285938914,3.068239798899652,0.006315085,1,Rapid emitters
LAO,Laos,0.578517726,23.28067,6056236,0.095524304,2.484970260735623e-05,1,0,1,0,0,3844.082364029407,23.41157661,63.53502,7664993,3.054350683686208,0.000368483,0.7670905440290658,0.2329094559709341,0.7648914810211301,0,0.001510661,8288.986043431481,3946.8209629241337,172.9088982404716,3097.459254,1382.8468360743254,-23.2909456,23.29094559709341,22.826014179068597,-0.200039372,0.030998625,2,Rapid emitters
LBN,Lebanon,12.09080811,85.4135,4844118,2.4959772065833246,0.000141556,0.054793224188511395,0.9452067758114885,0.054793224188511395,0,0,17632.415230182254,17.48380321,82.73307,5773493,3.0282886306435293,0.000211328,0.4736375719982277,0.5263624280017722,0.155073106,0.001329198,0.310146212,14329.812125865572,44.60409135726361,-3.138180733,21.326774245221227,49.28905161072393,41.88443478097163,-41.88443478,-14.21335964,-2.292745871,0.12320344185440847,0,Transitioning systems
LBR,Liberia,0.746164258,4.991911,3669050,0.20336715444052272,0.000149475,0,1,0,0,0,1360.5459178806502,0.671004304,8.497379,5493031,0.12215556475104546,7.896603223182112e-05,0.33908445880273125,0.6609155411972687,0.3239015725876836,0,0.012652405,1546.9381112176502,-10.07284297,70.22296671555243,-39.93348381,-47.17096126,33.90844588027313,-33.90844588,-0.143440863,-0.033445939,0.009226277,4,Mixed pathway
LBY,Libya,40.63656269,155.6275,6104380,6.656951678794571,0.000261114,0,1,0,0,0,25494.399103594467,46.47887215,70.20657,7305659,6.362036902351998,0.00066203,0.000284843,0.9997151565214915,0,0,0.000284843,9609.888717773441,14.376977476447502,-54.88806927,-4.430177515,153.54041740275633,0.028484347850855955,-0.028484348,-0.261932651,0.41291627319981394,9.281644018885375e-06,1,Rapid emitters
LCA,Saint Lucia,0.330942744,2.400377,167758,1.9727389692294854,0.000137871,0,1,0,0,0,14308.56948699913,0.605,2.927385,179285,3.3745154363164795,0.000206669,0.02019104,0.9798089604093313,0,0,0.02019104,16328.108876927796,82.81107864386354,21.95521786785992,71.05737195603236,49.90016978358541,2.019103959066867,-2.019103959,3.771817667320444,0.0026,0.000102752,4,Mixed pathway
LKA,Sri Lanka,12.60963937,173.8869,20492540,0.615328279,7.251632741166815e-05,0.39830456914559204,0.6016954308544079,0.39627654180778354,0.000202803,0.001622422,8485.375653774496,19.15308741,260.8865,22971620,0.8337717324681498,7.341540250262087e-05,0.5063879210220674,0.4936120789779327,0.40650406504065045,0.046457607433217196,0.046457607433217196,11356.904737236642,51.892427994498846,50.032291104160244,35.500311095795055,1.2398243582424684,10.808335187647538,-10.80833519,1.0371787269638733,-0.828397104,0.049202264,0,Transitioning systems
LSO,Lesotho,0.238412507,4.362957,1953268,0.12205826696592581,5.46447070186573e-05,1,0,1,0,0,2233.6704435848023,1.148215598,5.423396,2311472,0.4967464879522659,0.000211715,0.9987466375747157,0.001253362,0.9960628023822294,0,0.002683835,2346.2953477264705,381.6087933,24.30551114760014,306.9748819970869,287.4396146,-0.125336243,0.12533624252842657,15.700504752451174,0.10813265959999212,0.00011991,0,Transitioning systems
LTU,Lithuania,15.57307677,80.08826,3226622,4.826433579452442,0.000194449,0.047021433,0.23021758617879554,0.033982561,0.008638253,0,24821.085333206058,12.87705197,112.1583,2875162,4.478722233390675,0.000114811,0.8881294437301958,0.1574625238593665,0.099227309,0.5700239122444068,0.063995934,39009.38451468126,-17.31208826,40.043372149675854,-7.20431226,-40.95549795,84.11080110841196,-7.275506232,-0.432333426,-0.441593726,0.021760091134891333,0,Transitioning systems
LUX,Luxembourg,12.07027044,56.40277,480944.5,25.09701313769052,0.000214001,0.10555555555555556,1.0055555555555555,0.040277778,0.022222222222222223,0.007291667,117275.0078,8.714649466,73.46293,667834.7,13.049111503190835,0.000118626,1.3837594290844468,0.095513686,0.11725893700195684,0.5620213680142886,0.37617446933235066,110001.6665800684,-27.80071074,30.247025101781354,-48.00532067,-44.56741779,127.82038735288911,-91.00418699,-0.91912215,-0.565722882,0.031042677925697704,0,Transitioning systems
LVA,Latvia,8.989954489,52.6935,2198196,4.089696500676009,0.000170608,0.586771587,0.4132284134410889,0.5754997873245428,0.011271799234368354,0,23971.24733190307,6.427217408,57.39287,1876054,3.425923458493199,0.000111986,0.7958577247116805,0.20414227528831952,0.6083952157769061,0.042677769,0.038534023228857385,30592.333696151603,-28.50667469,8.918310607570197,-16.23037411,-34.36060024,20.908613815276944,-20.90861382,-3.19642093,-0.459458395,0.065981023,0,Transitioning systems
MAC,Macau,2.274533079,47.20723,522275,4.355048736776602,4.818187974596264e-05,0.1125,0.8875,0,0,0,90387.68847829208,1.595141336,62.83432,713912,2.2343668911574532,2.538646612233569e-05,0.41498194053660503,0.5850180594633949,0,0,0,88014.09698,-29.86950374,33.10317084904155,-48.6947902,-47.31117537,30.248194053660505,-30.24819405,-0.902315487,-0.066118706,0.038623098,0,Transitioning systems
MAR,Morocco,35.15223746,195.2776,31186470,1.1271630762314557,0.000180012,0.082273468,0.9235006463942443,0.068011916,0.014256442225640136,5.109835923168508e-06,6261.612808374914,64.17341235,319.0582,37712500,1.7016483222804113,0.000201134,0.2177447944978847,0.7855640377206873,0.012195410177022524,0.15471154073408808,0.049892463,8460.277096,82.55854246368314,63.38699369512939,50.96735850944329,11.733827971843784,13.547132629894856,-13.79366087,1.3024524062580187,1.421014762599665,0.002779887,4,Mixed pathway
MDA,Moldova,6.717508077,21.8111,3581100,1.8758225341375554,0.000307986,0.060173381,0.9398266190719021,0.060173381,0,0,6090.614615620899,7.092651249,32.65714,3490921,2.031742124499523,0.000217185,0.12049861495844874,0.8795013850415513,0.062722596,0.038385437,0.017016224772457456,9354.877982056883,5.584558555045866,49.72715727313157,8.312065108741997,-29.48202552,6.032523403035084,-6.032523403,0.11230399768022328,-0.253837552,0.014699129,4,Mixed pathway
MDG,Madagascar,2.629232077,31.72036,20318580,0.1294003851154953,8.288783850498544e-05,0.6441553813257305,0.35584461867426936,0.6343549536707056,0,0,1561.1504347252612,3.936206864,45.8284,31195930,0.12617693602979618,8.589012193312444e-05,0.3521000049140606,0.6478999950859393,0.310719834,0.000177662,0.031752391824515114,1469.0506101276674,49.70937325895098,44.47629219844921,-2.491066068,3.6221036551199512,-29.20553764,29.205537641166995,1.1176600117013404,0.18773624349996398,-0.012409969,4,Mixed pathway
MDV,Maldives,0.934580037,5.391792,324479,2.8802481424067508,0.000173334,0.005681818,0.9943181818181818,0,0.005681818,0,16616.767186782505,1.90800047,11.25947,525994,3.627418696791218,0.000169457,0.067935677,0.932064323,0,0.002360541,0.065575136,21406.08067772636,104.1559197139153,108.82611940519962,25.941186920100833,-2.236405917,6.2253858635833765,-6.225385864,0.9570856728438928,0.13471309199998346,0.007175625,4,Mixed pathway
MEX,Mexico,457.1027047,2100.397,108774300,4.202304263929991,0.000217627,0.14006223980095361,0.8223254090395181,0.10210579253651766,0.000990694,3.4031482902961115e-05,19309.680687441796,441.0491515,2597.152,129739700,3.3994926108893426,0.00016982,0.19474250883103414,0.7681797709138866,0.059228772314915044,0.06302741,0.047914162498939164,20018.174853186803,-3.512023237,23.650528923817742,-19.10408201,-21.96719448,5.468026903008052,-5.414563813,-0.148496604,-3.7122833,0.00854767,4,Mixed pathway
MKD,North Macedonia,7.620568375,24.88177,2081972.0000000002,3.660264583289304,0.000306271,0.1541307028360049,0.8458692971639951,0.1541307028360049,0,0,11951.058899927568,7.368808415,35.4158,1831802,4.022710104585539,0.000208066,0.3447493328529595,0.6552506671470405,0.260685358,0.025401214705496597,0.049466041,19333.858135322487,-3.303690061,42.33633700496387,9.902167262742596,-32.06491612,19.06186300169546,-19.061863,-0.078034386,-0.00014147,0.023424873204281358,4,Mixed pathway
MLI,Mali,0.670014525,26.29411,14457780,0.046342836,2.5481544155706354e-05,0.32997481108312343,0.6700251889168766,0.29659949622166243,0,0,1818.6823979891794,6.858083328,51.4068,23769130,0.2885290007669612,0.000133408,0.42699977079990825,0.5730002292000916,0.3758881503552601,0,0.034838414,2162.7548,923.5723364355422,95.50690249641458,522.5967738100239,423.5479276514615,9.702495971678482,-9.702495972,9.670215579132764,0.30172007119997846,0.010968483023908461,4,Mixed pathway
MLT,Malta,3.138710944,12.26911,407001,7.711801553313137,0.000255822,0,1,0,0,0,30145.159348502828,8.965105249,28.82195,555421,16.14109882233477,0.000311051,0.1392598286508861,0.860740171,0,0.00025274,0.13464949950911762,51892.07826,185.63016502484277,134.91475746814564,109.30386642794568,21.588855507970436,13.92598286508861,-13.92598287,1.3759070431466431,-0.101675897,0.009746398,1,Rapid emitters
MMR,Burma,14.28872213,125.9725,48125040,0.2969082649074162,0.000113427,0.5658696671354899,0.4341303328645101,0.5655571182997343,0,0,2617.608214,27.00536287,233.5037,54133800,0.4988632401567966,0.000115653,0.3818763061629971,0.6181236938370029,0.3672619481957363,0,0.004146126,4313.454810118632,88.99774685064777,85.36085256702853,68.01931745226268,1.962061693854214,-18.3993361,18.399336097249286,1.0426061147967496,-1.636478907,-0.04388796,4,Mixed pathway
MNE,Montenegro,1.566546052,9.783818,633379,2.473315427256035,0.000160116,0.5988805970149254,0.4011194029850746,0.5988805970149254,0,0,15447.019872777595,2.808346088,14.20976,633552,4.432700217188171,0.000197635,0.6090279436350609,0.3909720563649391,0.530451397,0.07451636,0.004060186,22428.71934742531,79.26993493,45.23737052345004,79.22098283,23.432374380984715,1.014734662,-1.014734662,1.7523108440732875,0.082061554,0.010178566610983457,0,Transitioning systems
MNG,Mongolia,15.11497045,14.96078,2607965,5.795695283870757,0.001010306,0.001186496,0.998813504,0.001078632,0,0.000107863,5736.572384982161,19.20347623,42.17038,3431932,5.5955293476094505,0.000455378,0.096195171,0.9038048287195046,0.008090001,0.064467198,0.023637972443433197,12287.650221507885,27.04937986649856,181.87287026478566,-3.453700142,-54.92670872,9.500867575681955,-9.500867576,0.14872685424229473,-0.116181515,-0.000696707,4,Mixed pathway
MOZ,Mozambique,2.409893642,20.60542,21287640,0.11320623807993746,0.000116954,0.9991831605403707,0.000816839,0.9991831605403707,0,0,967.9522953225439,9.548624685,45.00733,33635160,0.28388818976927715,0.000212157,0.837005982,0.16299401809908481,0.826882765,0,0.00368117,1338.1036391680611,296.22597937871984,118.42471543894763,150.77080078291917,81.40162324692137,-16.21771786,16.217717863945552,2.501386457047772,0.5323290511999242,0.008851708,0,Transitioning systems
MRT,Mauritania,2.497262726,15.98525,3093059,0.8073763630115043,0.000156223,0.084269663,0.9157303370786516,0.084269663,0,0,5168.103809206355,4.860000093,27.06317,5022441,0.9676569805399408,0.00017958,0.2759026128964785,0.7240973871035216,0.12788645076686933,0.062739361,0.085276801,5388.449560681748,94.61308746,69.30088675497723,19.852032443777727,14.951014839868662,19.16329499751302,-19.163295,1.3652507476889961,0.1905766185999829,-0.005383601,4,Mixed pathway
MTQ,Martinique,2.133506078,6.545025,400807,5.323025990065043,0.000325974,0.021790460770424343,0.9782095392295757,0,0.001349255,0,16329.617496700406,0,7.004076,346002,0,0,,,,,,20242.87720880226,-100,7.013739443317643,-100,-100,,,-14.25772953,0,-0.001540417,4,Mixed pathway
MUS,Mauritius,4.682458562,18.84067,1269518,3.6883750856624324,0.000248529,0.2237461451063139,0.7762538548936861,0.033679597467943516,0.000162311,0,14840.805723116962,5.550975193,29.49909,1273588,4.358532895,0.000188174,0.1758578431372549,0.8241421568627452,0.02879902,0.002757353,0.04564951,23162.192168896065,18.548303620844734,56.57134273887288,18.16945928834723,-24.28480107,-4.788830197,4.788830196905902,0.32787455136890903,-0.168659276,-0.012850089,4,Mixed pathway
MWI,Malawi,0.950514969,14.94823,13576340,0.070012608,6.358712496395895e-05,0.9040870555485259,0.095912944,0.8648614450208781,0,0,1101.0500620933183,2.264655619,28.95902,21104480,0.10730686655155683,7.820208069886343e-05,0.9582981459294903,0.041701854,0.9221356335531672,0,0.006532248,1372.1740597257076,138.25565013274402,93.72875584600985,53.26791814454454,22.984143005660655,5.421109038096439,-5.421109038,1.4750611899712924,0.2221881237999726,-0.003849701,0,Transitioning systems
MYS,Malaysia,175.4225331,523.9281,26998390,6.497518300794974,0.000334822,0.061635186,0.9383648136189521,0.061558537618254666,0,7.664876279315757e-05,19405.901611170146,260.0049129,1004.305,35126300,7.402001147316969,0.00025889,0.1811184343142533,0.8188815656857467,0.1632304497853908,0,0.011410585727854939,28591.254985580606,48.21637122728518,91.68756170932615,13.920435536308235,-22.6781488,11.94832479332055,-11.94832479,0.5258769055299327,2.5393571448996313,0.005673561,4,Mixed pathway
NAM,Namibia,3.016694682,17.21644,2018600,1.4944489656197362,0.000175222,0.9784810126582278,0.021518987341772152,0.9759493670886076,0.000632911,0.001898734,8528.901218666402,3.459988549,25.33543,2963095,1.1676940999191725,0.000136567,0.980952381,0.019047619047619046,0.7000000000000001,0.011640212,0.26931216931216934,8550.326601,14.694687853067936,47.15835561823467,-21.86457171,-22.06036322,0.24713682941531756,-0.247136829,0.3116030586822658,-0.068685213,0.005373362,0,Transitioning systems
NER,Niger,1.098771788,14.34551,14803610,0.074223233,7.659342804821858e-05,0.008928571,0.9910714285714286,0,0,0.008928571,969.0548454059517,3.131670151,34.18966,26159870,0.11971275663831661,9.159699602160416e-05,0.029850746268656716,0.9701492537313433,0,0,0.029850746268656716,1306.9506843879578,185.01552234976018,138.33004194343738,61.287446642973855,19.588583976082454,2.0922174840085286,-2.092217484,1.3374934305695672,0.2087369757999741,-0.001698927,4,Mixed pathway
NGA,Nigeria,58.16036277,873.4638,153267200,0.3794703809360385,6.658588801161536e-05,0.2714105519551129,0.7285894480448872,0.2708451133052064,0,0,5698.9610301486555,114.3969139,1476.152,227882900,0.5019986753152607,7.749670354204716e-05,0.2288456562139782,0.7711543437860218,0.225034699,0,0.002375967,6477.677789777118,96.69222900372723,68.99979140520765,32.28929069,16.386077975754414,-4.256489574,4.256489574113454,1.4013408886396945,1.7300746352997451,0.003250997,4,Mixed pathway
NIC,Nicaragua,4.010307626,25.65821,5497243,0.7295125258243087,0.000156297,0.28930209340779334,0.7106979065922067,0.094530933,0,9.359498330889463e-05,4667.468765706737,3.80600231,41.92518,6823613,0.5577693679286911,9.078082216939796e-05,0.6449175824175825,0.35508241758241754,0.14858058608058608,0.12866300366300368,0.005952381,6144.132148174288,-5.094504837,63.398693829382466,-23.54218081,-41.91783732,35.56154890097891,-35.5615489,-0.080356621,0.085837662,0.00952598,0,Transitioning systems
NLD,Netherlands,250.6733591,851.7645,16387619.999999998,15.296507919026682,0.000294299,0.086762741,0.8751192975758731,0.001011643,0.032811605,0.000334033,51976.09536955336,188.1907785,1042.021,17893570,10.517229287783266,0.000180602,0.49711183585725804,0.4707685716619846,0.000580034,0.24909078859305986,0.16489551862993848,58234.38251841304,-24.92589594,22.336749183606496,-31.24424644,-38.63323608,41.03490948761548,-40.43507259,-1.115914215,-8.65792818,0.071377221,0,Transitioning systems
NOR,Norway,41.66465631,290.3409,4716157,8.834450658,0.000143503,0.9964742801344693,0.0069769,0.9862996340108975,0.006648926,0.000149079,61563.02684579839,38.53516229,367.2688,5527254,6.971845747,0.000104924,0.9912664911921901,0.012266851401474243,0.8948713113492895,0.091877857,0.002353798,66446.88302726815,-7.511148043,26.495715898104617,-21.08342649,-26.88380685,-0.520778894,0.5289951202453693,-0.283485378,-1.018452278,0.001985199,0,Transitioning systems
NPL,Nepal,2.539958821,64.43368,26788490,0.094815304,3.941973857460881e-05,0.9967462039045554,0.003253796,0.9960231381055675,0,0.000723066,2405.2748027231096,11.35711489,126.638,29694610,0.38246385088068174,8.968172974146781e-05,0.9999969153207884,3.0846792115896446e-06,0.9897146512821562,0.000654326,0.009627938,4264.679684292873,347.1377566085352,96.54007034830234,303.37776187429904,127.50462835193419,0.325071142,-0.325071142,3.5957893479475764,1.1779677370999013,3.9428303902001624e-06,0,Transitioning systems
NZL,New Zealand,36.65282373,155.0094,4211696,8.702628045091574,0.000236455,0.6549586586411276,0.34504134135887254,0.5393295970945828,0.021214523399116947,7.835040143058615e-05,36804.508207619925,33.50566714,232.4657,5188239,6.458003793001827,0.000144132,0.8935824589807815,0.10641754101921852,0.6084828125596663,0.081656087,0.008532893,44806.28205446973,-8.586395988,49.96877608712762,-25.79248752,-39.04490895,23.86238003396539,-23.86238003,-0.171835227,-1.616545854,0.019839414528746633,0,Transitioning systems
OMN,Oman,34.56179897,94.96836,2570174,13.447260369531403,0.00036393,0,1,0,0,0,36950.16757620301,84.07274372,161.3661,5049269,16.650478261110667,0.000521006,0.040328852,0.959671148,0,0.002555272,0.037773581,31958.30921268009,143.25337863540727,69.91564348378763,23.82059842343104,43.16126146361389,4.032885234973891,-4.032885235,2.0489460083225226,3.6488769198996396,0.010729247887028986,1,Rapid emitters
PAK,Pakistan,138.8465245,743.9985,184493200,0.752583426,0.000186622,0.31160942732927005,0.6643750130010609,0.29857716389657396,0,0,4032.660824355586,212.6552589,1287.996,247504500,0.8591975454668502,0.000165106,0.2548524492199171,0.6042112170229719,0.19919501778108467,0.037114719,0.007411226,5203.929625521961,53.15850330846092,73.11809096389308,14.166418722037582,-11.52946382,-5.675697811,-6.016379598,0.7270225823416461,9.389954201098744,-0.009111444,4,Mixed pathway
PAN,Panama,14.00894384,70.83095,3437490,4.075340971173735,0.00019778,0.5769826517967782,0.4230173482032218,0.5740396530359355,0,0,20605.427215788262,23.45818875,163.2161,4458759,5.261147497319321,0.000143725,0.61761964,0.38238036047234303,0.4775481665630827,0.06890926,0.06774394,36605.72370024933,67.45151548,130.43048271977153,29.09711198481788,-27.33100521,4.063698773087876,-4.063698773,0.5171453334394993,-0.898843052,0.019565370120736822,0,Transitioning systems
PER,Peru,31.27346768,248.0326,28530700,1.0961339076503556,0.000126086,0.6671021111820147,0.3328978888179853,0.6531333629569244,3.341006511621691e-05,3.341006511621691e-06,8693.533632192692,58.90334285,439.6798,33845610,1.7403540031040952,0.000133969,0.5524127567206546,0.44758724327934546,0.4963933878777759,0.032259142,0.013975622,12990.748283159914,88.34925328908551,77.26693991031824,58.772025110934955,6.251765492411586,-11.46893545,11.468935446136014,1.1434289152855053,2.6178774089995898,-0.01884591,4,Mixed pathway
PHL,Philippines,70.58773588,469.1706,91075190,0.7750490103396984,0.000150452,0.3159987250675211,0.684001275,0.14364798443240342,0.000972975,1.6775427354011846e-05,5151.464410889508,156.2280583,1003.16,114891200,1.3597913360292173,0.000155736,0.22134741788247533,0.7786525821175247,0.090434642,0.00923626,0.016338316131172828,8731.391090005152,121.32464854864106,113.81561419236412,75.44585153824409,3.511920485620497,-9.465130719,9.465130718504577,1.065975432365419,4.610633419599751,0.003617263,4,Mixed pathway
PNG,Papua New Guinea,4.398709897,17.89519,6963345,0.6316949536465593,0.000245804,0.37419835943325874,0.6258016405667411,0.2547352721849366,0,0.000149142,2569.912879514084,5.797743891,32.93839,10389630,0.5580317962237347,0.000176018,0.236307196,0.7636928039725049,0.2115552336862086,0,0.001269331,3170.314053532224,31.805552690668836,84.06281241,-11.66119137,-28.39099275,-13.78911634,13.78911634057638,0.378354611,0.3318384832999606,-0.011841296,4,Mixed pathway
POL,Poland,311.7689711,799.1139,38119330,8.178763139593482,0.000390143,0.034288965,0.9676138698359517,0.014716945348800454,0.003299934,0,20963.482306745685,264.0306464,1371.406,36670750,7.200033989296646,0.000192526,0.29192161909617875,0.7116463738099635,0.015440578302970612,0.15168522177177043,0.072776635,37397.817061281814,-15.31208334,71.61583599033881,-11.96671347,-50.65262121,25.76326536443344,-25.5967496,-0.213808624,-7.338826521,0.031221508,0,Transitioning systems
PRI,Puerto Rico,29.65370036,77.68391,3763088,7.880150653133809,0.000381723,0.006644814,0.993355186,0.006644814,0,0,20643.66020672384,18.83308226,67.56722,3242023,5.809052638121321,0.000278731,0.053666013402138696,0.9463339865978612,0.002262056,0.008173561,0.042526646,20841.067444617143,-36.48994213,-13.02288981,-26.28246725,-26.98072201,4.702119899099485,-4.702119899,2.8019850168735503,0.062713611,0.004540388,4,Mixed pathway
PRK,North Korea,79.2116398,38.15825,24646380,3.2139259313538138,0.002075872,0.6146438155077465,0.3853561844922536,0.6146157658036708,0,2.8049704075622e-05,1548.2293951484965,55.74398987,37.87138,26418200,2.110060104965516,0.001471929,0.6308767806428771,0.369123219,0.6252495348294125,1.5066253851311143e-05,0.00561218,1433.533700252099,-29.626517,-0.751790242,-34.34633685,-29.09344847,1.6232965135130617,-1.623296514,39.40795629925202,-4.676215318,0.042915699,1,Rapid emitters
PRT,Portugal,58.94833955,331.8912,10545560,5.589872851702517,0.000177613,0.351905089,0.6520209388140392,0.21434394576503904,0.086608599,0.000514889,31472.126658043766,38.27166105,373.627,10593560,3.612728964861671,0.000102433,0.7611468704894626,0.2572441146742052,0.26493896457398164,0.29047424652185855,0.12622138880116757,35269.25792651384,-35.07593031,12.575145107794356,-35.37010482,-42.32823806,40.92417816711326,-39.47768241,-2.789306207,-2.239254657,0.045368834,0,Transitioning systems
PRY,Paraguay,3.752651172,54.99495,5559386,0.6750118038215012,6.82362866408643e-05,0.9999888298525913,1.117014740871197e-05,0.9999888298525913,0,0,9892.270477351276,7.509184438,96.1956,6844146,1.097168943795179,7.80616206770372e-05,0.9999550231562941,4.497684370592015e-05,0.9944628759097922,0,2.2601428997949824e-05,14055.164807997959,100.10344937011372,74.91715148390897,62.54070485637201,14.398986990433412,-0.00338067,0.00338067,1.3361886749206473,-0.086045475,-1.37E-06,0,Transitioning systems
PSE,Palestinian Territories,2.787540723,7.989858,3736691,0.7459917673149854,0.000348885,0,1,0,0,0,2138.2174763714743,3.913,13.27613,5409202,0.723396908,0.00029474,0.3351664538937445,0.6648335461062556,0,0,0.33487184523224983,2454.360181039643,40.37463086059459,66.16227722695449,-3.028834981,-15.51955522,33.51664538937445,-33.51664539,0.6102364149604268,0.1627999999999851,0.049053746,0,Transitioning systems
QAT,Qatar,53.01562491,111.2901,1208595,43.86550077817631,0.000476373,0,1,0,0,0,92082.21116254825,127.7826787,260.3292,2979082,42.89330697375903,0.00049085,0.035358496,0.964641504,0,0,0.033008278377999155,87385.71143728169,141.0283363361172,133.91945914326612,-2.21630618,3.039027714448158,3.5358495860811003,-3.535849586,1.0530832280710307,1.3374175022002004,0.007607719,1,Rapid emitters
REU,Reunion,2.56222553,20.69962,818729,3.129516030334824,0.000123781,0.3809775967413442,0.6190224032586558,0.265173116,0.00407332,0.00203666,25282.62709638965,0,26.23896,874883,0,0,,,,,,29991.39313485346,-100,26.760587875526216,-100,-100,,,-3.736838685,0,-0.003443122,4,Mixed pathway
ROU,Romania,92.72284035,405.514,20821100,4.4533113213999265,0.000228655,0.2621779907441537,0.621861818,0.261555474,4.9146086742843106e-05,0,19476.108370835354,61.41610503,610.3402,19062690,3.2217963484691823,0.000100626,0.5384946891562785,0.26917718144978287,0.35224441362068437,0.14023360852137443,0.041620292,32017.52743185773,-33.76377945,50.51026598341857,-27.65391602,-55.99222411,27.63166984121248,-35.26846361,-0.668453804,-2.101907403,0.021053020393687883,0,Transitioning systems
RUS,Russia,1616.21969,3286.72,143859800,11.234686063055838,0.000491742,0.18079134845471365,0.6709642168328076,0.17828495887315784,7.048906014821433e-06,0,22846.688233961122,1844.490195,4115.447,145440500,12.682094703449177,0.000448187,0.18924978792886588,0.6182724640783039,0.17619730499348896,0.006804264,0.002486443,28296.430499070066,14.123729962089717,25.21440828546394,12.883391954787243,-8.857349945,0.845843947,-5.269175275,0.5601452075411987,38.13552491,-0.000466448,1,Rapid emitters
RWA,Rwanda,0.621246851,11.86774,9549933,0.065052483,5.234752792022744e-05,0.492466297,0.5075337034099922,0.4837430610626487,0,0.000793021,1242.7040064050711,1.644988461,34.76848,13954470,0.11788254666784193,4.7312636646755914e-05,0.5643959138999776,0.4356040861000224,0.5282288907495575,0,0.034263496,2491.565785013691,164.78821717198534,192.96631035058064,81.21144932,-9.618202566,7.192961730996955,-7.192961731,0.8539740272413282,0.12437841709999194,0.005445957,0,Transitioning systems
SAU,Saudi Arabia,348.348962,1050.037,21260250,16.384988982773013,0.000331749,0,1,0,0,0,49389.68262367564,656.510612,1937.886,33702730,19.47944905219844,0.000338777,0.0067309,0.9932690998618813,0,0.003764942,0.002965958,57499.37764685531,88.46349021571727,84.55406809474331,18.885945377680184,2.118307204676178,0.6730900138118682,-0.673090014,1.0462357661679085,13.183301117498587,0.001657251,1,Rapid emitters
SDN,Sudan,11.5,186.9805,32764130,0.3509936018444561,6.150373969478101e-05,0.30746847720659554,0.6925315227934044,0.2785645,0,0,5706.866015,18.2423417,112.3054,50042790,0.3645348649825479,0.000162435,0.7014475613599611,0.29855243864003883,0.6866706088720893,0,0.008359468,2244.1874244021965,58.62905822608696,-39.93737315,3.857980050614324,164.1060948239608,39.39790841533656,-39.39790842,-1.4680249,0.19370436829998078,0.019719205333214664,0,Transitioning systems
SEN,Senegal,6.045380799,31.20377,11770340,0.5136113994158198,0.000193739,0.079126387,0.9208736126029359,0.064088793,0,0.001432152,2651.0508617423116,10.37285517,63.70875,18077570,0.5737969853249081,0.000162817,0.21742913973147687,0.7825708602685231,0.038538040775733466,0.091372452,0.073843859,3524.187708856887,71.58315601418906,104.1700409918417,11.718117233679628,-15.96065947,13.83027523344128,-13.83027523,0.687176038,0.1508963495999513,0.023149773,4,Mixed pathway
SGP,Singapore,140.9211884,331.94,4623922,30.476549658277108,0.000424538,0.023679284272968174,0.9763207157270317,0,0,0,71787.54312897146,238.9615484,613.38,5922461,40.34835321988612,0.000389582,0.051723228,0.9482767720483454,0,0,0.020495769,103568.43210955716,69.57105669420412,84.78640718202085,32.39147368156203,-8.234020413,2.804394367868644,-2.804394368,0.8205449317465219,2.6400229390998047,0.004984083,1,Rapid emitters
SLB,Solomon Islands,0.16724932,0.9189655,500156,0.33439430897559963,0.000181997,0.024875621890547265,0.9751243781094527,0,0,0,1837.3577443837523,0.318,1.562212,800005,0.39749751564052727,0.000203558,0.099099099,0.9009009009009009,0.009009009,0,0.054054054,1952.7527952950295,90.13530219435272,69.99680619130967,18.870897312290147,11.846396678993909,7.422347720855182,-7.422347721,1.2877059268676077,-0.00172325,0.008127001,4,Mixed pathway
SLE,Sierra Leone,1.070114588,12.35507,5749352,0.18612786067021117,8.661339741498833e-05,0.3,0.7000000000000001,0.3,0,0,2148.9500034090797,1.342,23.2077,8460512,0.15861924195604238,5.78256354571974e-05,0.9660392874578626,0.033960713,0.8441119987495886,0,0.098479733,2743.060940047127,25.407130698792045,87.83948613807935,-14.77942024,-33.23707742,66.60392874578626,-66.60392875,0.2892449832738466,0.0814,0.005969933,0,Transitioning systems
SLV,El Salvador,6.203393617,44.55603,6009824,1.0322088661831028,0.000139227,0.5664904152529237,0.43350958474707635,0.2986514183358881,0,1.722326518661408e-05,7413.86603,8.693611681,62.48216,6309624,1.3778335572769471,0.000139138,0.906707971,0.093292029,0.30988117461955916,0.020936825073155963,0.1913564232789181,9902.675658644635,40.14283499882578,40.23278106240614,33.48398782621329,-0.06414054,34.02175553769844,-34.02175554,0.997764359,0.31919657909994537,0.04549805,0,Transitioning systems
SOM,Somalia,0.806957487,12.57137,11322580,0.071269754,6.419009916978022e-05,0,1,0,0,0,1110.2920005864387,0.838010419,32.22716,18358620,0.0456467,2.60032351283824e-05,0.17515769044153323,0.8248423095584668,0,0.015041242115477922,0.16011644832605532,1755.4238826229855,3.848149685734302,156.35360346565247,-35.95221304,-59.49027114,17.515769044153323,-17.51576904,0.024611838809200568,0.005302084,0.034932742,4,Mixed pathway
SRB,Serbia,47.06025066,108.7151,7381579,6.375363680047318,0.000432877,0.2656473158027388,0.742473886,0.2650032204766305,0,0,14727.892230104155,44.78236282,147.4036,6623183,6.76145636,0.000303808,0.3789339592291849,0.627704199,0.3430599118175348,0.028383788391397737,0.001338362,22255.70394174523,-4.840364867,35.58705276451937,6.056010282,-29.81657674,11.328664342644606,-11.47696869,-0.136014772,-0.790974696,0.020139353,4,Mixed pathway
STP,Sao Tome and Principe,0.127363197,0.6384847,169700,0.7505197230406601,0.000199477,0.22222222222222224,0.7777777777777779,0.22222222222222224,0,0,3762.431939,0.146,1.134399,230871,0.6323877836540752,0.000128703,0.068181818,0.9318181818181819,0.068181818,0,0,4913.562119105474,14.632800871039676,77.67050643500149,-15.74001798,-35.48011813,-15.4040404,15.404040404040398,0.1883958473128423,-0.00454808,0.00398611,4,Mixed pathway
SUR,Suriname,2.030626983,8.598042,531016,3.8240410514937397,0.000236173,0.5765115034777956,0.4234884965222043,0.5765115034777956,0,0,16191.681606580592,2.520575778,9.26599,628886,4.008001097178185,0.000272024,0.42865953091278564,0.5713404690872145,0.4202544420713584,0,0.005603393,14733.974042990303,24.127956493327073,7.768605922139028,4.810619007674797,15.180070699817177,-14.78519726,14.785197256501014,3.1058283474731354,0.11075772429998379,-0.013339746,4,Mixed pathway
SVK,Slovakia,39.9675129,126.6908,5374982,7.435841254352107,0.000315473,0.18501920614596673,0.2843262785267756,0.1659260375084733,0.000301273,0,23570.460328983427,30.08709759,180.0533,5426226,5.544755708295232,0.000167101,0.234470392,0.15175788911883925,0.15060420185189102,0.000145781,0.022005105340628422,33182.04954972388,-24.72111621,42.12026445487756,-25.43203225,-47.03156226,4.945118588657227,-13.25683894,-0.586917403,-0.461682134,-0.005582385,0,Transitioning systems
SVN,Slovenia,16.12420159,68.56556,2010309,8.020757798925437,0.000235165,0.22729122578544686,0.4045254761517174,0.2192875359487764,0,0,34106.97559429919,10.77226098,86.20373,2121333,5.078062225496892,0.000124963,0.41451259981098226,0.23732605093200543,0.3262792050331786,0.000426504,0.067431445,40636.58558085883,-33.19197286,25.72453284126898,-36.68849811,-46.86158251,18.72213740255354,-16.71994252,-1.290284767,-0.60510037,0.015574464,0,Transitioning systems
SWE,Sweden,57.54317592,435.0043,9156801,6.284200772955534,0.000132282,0.5332909901029572,0.024787287132469697,0.45021989609411195,0.009802183,2.0621703105216055e-05,47506.14324806229,43.9596908,547.9219,10540400,4.170590376266555,8.022984808966385e-05,0.7094331151972002,0.004664001,0.4020552622925596,0.2105285076762657,0.018990406,51983.02720959357,-23.60572718,25.95781237105014,-33.63371848,-39.34931754,17.61421251,-2.012328582,-0.909388158,-1.87177148,0.021984519390932794,0,Transitioning systems
SWZ,Eswatini,1.154990394,7.40063,1090705,1.0589393043948638,0.000156066,0.9690576652601969,0.030942334739803096,0.24050632911392408,0,0,6785.180227467556,1.326289194,10.81792,1230506,1.077840493260496,0.000122601,0.9689529608867209,0.031047039,0.5437086882618669,0,0.049310003,8791.440269287594,14.831188284324378,46.17566342324912,1.7849171134915292,-21.4430189,-0.010470437,0.010470437347593481,0.3211905836280195,-0.016879932,0.009840567,0,Transitioning systems
SYC,Seychelles,0.978431842,1.833714,91468,10.69698519700879,0.000533579,0,1,0,0,0,20047.601346919142,0.893092416,3.236183,127951,6.979956514603247,0.000275971,0.1363601281537933,0.8636398718462067,0,0.009595999,0.12676412957772434,25292.361919797422,-8.722061398,76.48242855756132,-34.74837643,-48.279305,13.636012815379331,-13.63601282,-0.114040069,-0.008997037,0.013815312128010016,4,Mixed pathway
SYR,Syria,50.04879053,143.7555,20884130,2.396498706577674,0.000348152,0.090782159,0.909217841,0.089928895,0,0,6883.480422694171,20.24302265,81.29898,23594620,0.8579507808983573,0.000248995,0.044289624,0.955710376,0.037521771584971386,4.9763622791739246e-05,0.00507589,3445.657527012514,-59.55342289,-43.44635162,-64.19982291,-28.48104718,-4.649253473,4.649253473280501,1.3707347262878624,-1.582769497,0.002352575,4,Mixed pathway
TCD,Chad,0.297427198,23.46883,11081660,0.026839588834163833,1.2673286141661088e-05,0,1,0,0,0,2117.8081623150324,2.054001914,41.4343,19319060,0.10631997177916525,4.9572501864397376e-05,0.056609509,0.9433904909173507,0,0.023009524,0.007669841,2144.736855726935,590.5898074593703,76.55034358338271,296.1311495347189,291.1574418,5.660950908264918,-5.660950908,7.715051035,0.091441883,-0.000411628,4,Mixed pathway
TGO,Togo,2.608660521,9.191701,6188344,0.4215442000315432,0.000283806,0.517948718,0.48205128205128206,0.4666666666666666,0,0,1485.324830035305,2.656090099,20.84966,9304337,0.2854679596192614,0.000127392,0.20718238254396573,0.7928176174560342,0.086777961,0,0.11931969675306926,2240.853916,1.8181583083803652,126.83135580672173,-32.28042051,-55.11283793,-31.07663354,31.076633540475214,0.014335243,0.14603655979998692,0.002227088,4,Mixed pathway
THA,Thailand,225.0930136,899.0732,67102390,3.354470885910323,0.000250361,0.068781417,0.9312185830049957,0.056105036,0,7.047131923014312e-06,13398.527235766118,336.6925834,1293.224,71702430,4.6956927868971805,0.000260351,0.1807051352649281,0.8192948647350721,0.034556414,0.017948537386999103,0.026853989,18035.98567022066,49.57931298011918,43.83967845999634,39.98311348058942,3.990299882183822,11.192371826992382,-11.19237183,1.130923280501709,4.754486889500158,0.002785452,4,Mixed pathway
TJK,Tajikistan,6.709136527,14.60985,7194477,0.932539853,0.00045922,0.9782782668343433,0.021721733165656797,0.9782782668343433,0,0,2030.7035521831538,8.616477788,41.19768,10389800,0.829320852,0.00020915,0.9259293551224481,0.074070645,0.9258830609693997,0,4.629415304846998e-05,3965.204335020886,28.429012486542284,181.98564666988366,-11.06858876,-54.45547885,-5.234891171,5.234891171189517,0.15621568517495027,0.26822816629997415,0.004838375,0,Transitioning systems
TKM,Turkmenistan,36.45641489,43.02512,5244046,6.951963214281492,0.000847329,0.000201613,0.9997983870967742,0.000201613,0,0,8204.565711,106.2151754,117.4793,7364438,14.42271295528593,0.000904118,0.000177598,0.9998224021222947,0.000177598,0,0,15952.242384279696,191.34838322182023,173.0481634914673,107.46244637280581,6.702194768991661,-0.002401503,0.002401503,1.1057521753546682,1.521771795600022,1.3058992486158912e-05,1,Rapid emitters
TLS,Timor-Leste,0.341776221,2.561587,1004889,0.3401134065553509,0.000133424,0,1,0,0,0,2549.124331145032,0.66,4.6927,1384286,0.47678008735189115,0.000140644,0.001956947,0.9980430528375733,0,0,0.001956947,3389.9786604791207,93.10881197905225,83.19502714528144,40.182679706952044,5.411601498281258,0.19569471624266144,-0.195694716,1.1191631900841694,0.0059957,5.1582023774735696e-08,4,Mixed pathway
TON,Tonga,0.18639073,0.4613689,106726,1.746441635590203,0.000403995,0,1,0,0,0,4322.928808350355,0.174,0.5799307,104597,1.6635276346357926,0.000300036,0.10958904109589042,0.8904109589041097,0,0.013698630136986302,0.095890411,5544.429572549882,-6.647717942,25.69783095479561,-4.747596442,-25.73278206,10.958904109589042,-10.95890411,-0.258687901,-0.00048603,-0.006437723,4,Mixed pathway
TTO,Trinidad and Tobago,43.86516955,39.18743,1365377,32.12678223303894,0.001119368,0.002866076,0.9971339239187076,0,0,0.000390829,28700.813035520594,33.62887694,34.84672,1502932,22.37551462075463,0.000965051,0.000632045,0.9993679553355104,0,0,0.000632045,23185.826105239626,-23.33580996,-11.07679172,-30.35245653,-13.78607282,-0.223403142,0.22340314168027842,2.10673005,-1.125611189,-6.01E-06,1,Rapid emitters
TUN,Tunisia,17.86614199,102.4039,10441700,1.7110376648438472,0.000174467,0.006696266,0.9933037338962079,0.00356649,0.003129777,0,9807.205723,24.64520595,130.8845,12200430,2.0200276504188786,0.000188297,0.039415578,0.9605844216856149,0.000422813,0.015878981,0.023113783707601237,10727.859591834058,37.943636447597626,27.812026690389736,18.05863143,7.926961194,3.2719312210592912,-3.271931221,1.3642887974326876,-0.06017728,0.001629544,4,Mixed pathway
TUR,Turkiye,278.9855136,1368.705,70750590,3.9432252591674497,0.000203832,0.18897505939485282,0.8110249406051472,0.18573058285451138,0.001857724,0,19345.492383879766,399.1734211,2932.158,87270510,4.573978324407637,0.000136136,0.4160295962800204,0.5839704037199797,0.19345075574637233,0.10532549975835234,0.065008618,33598.497361823596,43.08033989465854,114.22863217420847,15.995866930852461,-33.21138335,22.70545368851676,-22.70545369,0.3771413442906094,3.409691412099546,-0.001646909,0,Transitioning systems
TWN,Taiwan,253.7186647,842.3562,23006920,11.027928321478928,0.000301201,0.034879906,0.7974273832842762,0.018509014,0.001841474,9.217844909759395e-06,36613.16682111295,289.1092352,1367.461,23317140,12.399000699356781,0.00021142,0.096466665,0.842069636,0.014227096831717682,0.022395209213201334,0.046341698,58646.17187185049,13.94874537776112,62.33761916870798,12.432728413798596,-29.80755418,6.158675927345917,4.464225248487475,0.223761279,2.824845141,0.010907613867247635,1,Rapid emitters
TZA,Tanzania,5.691847893,72.23412,41435510,0.13736642539213348,7.879722066247917e-05,0.6087777253421425,0.3912222746578574,0.5955639452571967,0,0,1743.2902358387769,17.70731516,181.8709,66617600.00000001,0.26580536013005573,9.736200326165429e-05,0.25548175780183785,0.7445182421981621,0.2455645528159403,0.000363934,0.002820489,2730.0728336055336,211.09958473726905,151.77976834216295,93.50096602665002,23.560199767318817,-35.32959675,35.32959675403047,1.3908282180361429,1.1827855992998677,-0.026260382,4,Mixed pathway
UGA,Uganda,1.90638211,49.66017,29653430,0.064288755,3.838855384506336e-05,0.72909364,0.27090635953930897,0.7000500751126689,0,0.005508262,1674.685525418139,6.353602411,117.1194,48656600,0.130580485,5.4248932380118065e-05,0.9737254219592831,0.026274578040716895,0.8661910562032364,0,0.025578562728380022,2407.0609125997294,233.28063548603066,135.84172184670328,103.11558955497355,41.31538426549585,24.46317814985921,-24.46317815,1.717297398138745,0.1770204821999807,0.000783508,0,Transitioning systems
UKR,Ukraine,372.8693595,571.0836,46646000,7.993597724563735,0.000652916,0.055451684,0.4878490876010873,0.053743866,0.000235742,0,12242.927582214981,106.8467865,386.2952,37639760,2.8386681126287736,0.000276594,0.1695249051857774,0.3294757675321003,0.10444676266708264,0.010071269096900622,0.044828359445836456,10262.955980590737,-71.34471263,-32.35750423,-64.48822907,-57.63715244,11.407322149244903,-15.83733201,2.204889231575798,-23.03143873,0.018651636460442777,0,Transitioning systems
URY,Uruguay,6.508653095,52.86142,3295153,1.975220299330562,0.000123127,0.8699082960119427,0.13009170398805714,0.8552996374493497,0,0,16042.174672921106,6.89648167,81.52352,3388081,2.0355126308963687,8.45949938128285e-05,0.9200962882435161,0.079903712,0.273101413,0.3700108712533002,0.038127038,24061.856844626796,5.958661021555034,54.22120707313576,3.052435801021322,-31.29436409,5.018799223157333,-5.018799223,0.10989539597519013,0.052857846,-0.015687851,0,Transitioning systems
USA,United States,6015.697399,16312.53,300878900,19.993749641467048,0.000368778,0.087950522,0.7197355430355629,0.059534617,0.008286386,0.000307835,54216.264417345315,4795.36631,22113.8,336445000,14.25304673869429,0.000216849,0.22989875102682167,0.5894713418105314,0.057557186,0.098936647,0.056132216,65727.83070041165,-20.28577916,35.56327559244335,-28.71248768,-41.1977761,14.19482290773743,-13.02642012,-0.570413687,-34.802579,0.010680993381165361,1,Rapid emitters
UZB,Uzbekistan,118.3304273,121.9692,27076010,4.370305201024819,0.000970166,0.095203118,0.9047968823325375,0.095203118,0,0,4504.696223705044,110.9918097,337.3369,35652310,3.113173023346875,0.000329024,0.092478059,0.9075219405232153,0.086555561,2.098316625487203e-05,0.005901516,9461.852541953102,-6.201800991,176.57547971127138,-28.76531775,-66.08585869,-0.272505819,0.27250581906778093,-0.035122663,3.5893628013994223,-0.000170061,4,Mixed pathway
VCT,Saint Vincent/Grenadines,0.165799136,1.30472,111531,1.4865744591189896,0.000127076,0.1596877217885025,0.8403122782114976,0.1596877217885025,0,0,11698.27222924568,0.268197697,1.551526,101323,2.646957719372699,0.000172861,0.13890331388779542,0.8610966861122047,0.12567442685086253,0,0.013228887036932898,15312.67333182002,61.76061195,18.91639585504935,78.05752703039205,36.02885521885694,-2.07844079,2.0784407900707125,3.2649249054841576,0.009039539,-0.006553283,4,Mixed pathway
VEN,Venezuela,126.5547862,505.1989,27649360,4.577132568891287,0.000250505,0.7272225821703119,0.2727774178296881,0.7272225821703119,0,0,18271.63088042544,76.72993923,159.867,28300860,2.7112228826615166,0.000479961,0.7838251683513879,0.21617483164861195,0.7834686056030673,0.000241132,0.000115431,5648.838939876739,-39.37017986,-68.35563181,-40.76590875,91.59750569013572,5.660258618107605,-5.660258618,0.5759610264164727,-2.458096911,0.040679859818840584,0,Transitioning systems
VGB,British Virgin Islands,0.11115615,1.323878,25366,4.3820921706220926,8.396253280136084e-05,0,1,0,0,0,52191.04312859733,0.188,1.710445,38985,4.822367577,0.000109913,0.022988506,0.9770114942528737,0,0.011494253,0.011494253,43874.43888675131,69.13144256975436,29.199593920285693,10.047150756044338,30.907100740661797,2.298850574712644,-2.298850575,2.367548082,0.0006,-0.000420408,4,Mixed pathway
VIR,U.S. Virgin Islands,11.8987056,2.551739,107229,110.96536942431618,0.004662979,0,1,0,0,0,23797.097800035437,2.377589618,1.884259,85701,27.742845684414416,0.001261817,0.028400598,0.9715994020926756,0,0,0.028400598,21986.42956324897,-80.01808181,-26.15784765,-74.99864523,-72.93968614,2.840059790732436,-2.840059791,3.059046863806728,-0.012732076,0.001891189,1,Rapid emitters
VNM,Vietnam,98.40355988,465.5454,83633380,1.1766062770869716,0.000211373,0.34498298812153044,0.6550170118784695,0.34374440398734557,0,5.969080164746613e-05,5566.502274570274,305.4042291,1178.913,100352200,3.0433237046621797,0.000259056,0.49354905598252574,0.5064509440174743,0.3428980893358303,0.042454802,0.097350613,11747.754408971601,210.3589234385662,153.23266001554308,158.65268305357046,22.558805574098052,14.85660678609953,-14.85660679,1.3728073598489288,2.346375162900274,0.050512375,0,Transitioning systems
VUT,Vanuatu,0.108370295,0.5694634,221276,0.4897516901968582,0.000190302,0,1,0,0,0,2573.5434480015906,0.292,0.7660353,320409,0.9113351996978861,0.000381183,0.25115545252989513,0.7488445474701049,0.11245766531189333,0.049981184583063706,0.087467073,2390.804565414829,169.44653052757675,34.518794359742884,86.08107290687863,100.3040034740405,25.115545252989513,-25.11554525,4.908819490091799,0.015499999999999237,-0.003084331,4,Mixed pathway
WSM,Samoa,0.165868499,0.9068439,188753,0.8787595375967535,0.000182907,0.4353628023352794,0.5646371976647205,0.4336947456213511,0,0.001668057,4804.394632138297,0.335,1.060758,216663,1.5461800122771308,0.000315812,0.403003833,0.596996167,0.18852510525985045,0.000816942,0.15082008420788034,4895.889007352433,101.96722223910642,16.97250210317344,75.95029654024013,72.66213734657477,-3.235896899,3.2358968991472503,6.007789636393155,-0.0032,-0.000990255,4,Mixed pathway
XKS,Kosovo,7.133280638,12.19844,1800858,3.961045589380173,0.00058477,0.014532067,0.9854679325712072,0.014532067,0,0,6773.682322537368,7.443865976,22.83955,1700031,4.378664845523405,0.00032592,0.1267117897056509,0.8732882102943492,0.061860538,0.063434598,0.001416654,13434.784424519317,4.354032229511171,87.23336754535825,10.543157020532577,-44.26525913,11.217972227685802,-11.21797223,0.049912463,-0.168382919,0.019341320578076162,4,Mixed pathway
YEM,Yemen,18.60000492,124.1946,24318080,0.7648632179431929,0.000149765,0,1,0,0,0,5107.089046503671,8.193436141,52.15176,39390800,0.2080038014206363,0.000157108,0.16963136857298314,0.8303686314270169,0,0,0.16963136857298314,1323.9578784893934,-55.94927972,-58.00802933,-72.80509815,4.902722076663038,16.963136857298313,-16.96313686,0.9645092301901436,-0.148886219,0.004559233,4,Mixed pathway
ZMB,Zambia,2.234365202,32.13497,12565090,0.17782325490704803,6.953064533746258e-05,0.9987555739914964,0.001244426,0.9987555739914964,0,0,2557.480288640989,9.87721946,69.45606,20723960,0.4766086915821107,0.000142208,0.8902200740436034,0.10977992595639653,0.8788050185109009,0,0.007558618,3351.485912923978,342.0593129,116.13855559846482,168.0238261476229,104.52589390735514,-10.85354999,10.853549994789295,2.9452692187668945,0.6844224653000288,0.012151047940238422,0,Transitioning systems
ZWE,Zimbabwe,9.373008254,22.59807,12804060,0.7320340777847028,0.00041477,0.7157313707451701,0.28426862925482976,0.7074517019319227,0,0,1764.9144099605905,12.57812535,67.40944,16340820,0.7697364850111562,0.000186593,0.675028995,0.32497100499166204,0.6566052164325501,0,0.003803364,4125.217706332975,34.19518054550089,198.2973324713128,5.150362308343526,-55.0129465,-4.070237574,4.070237573683228,0.17244397652423196,1.2825798781997575,0.040554815,0,Transitioning systems